trade_id,entry_time,side,price,qty,filled,type,comments
0,2025-05-01 06:55:00+00:00,sell,94879.81,0.01,1,market,S
0,2025-05-01 07:10:00+00:00,buy,94961.07,0.01,1,sl,S
0,2025-05-01 07:10:00+00:00,buy,94758.16,0.01,0,tp,cancelled
1,2025-05-01 07:15:00+00:00,buy,94982.73,0.01,1,market,B
1,2025-05-01 07:50:00+00:00,sell,94903.40000000001,0.01,0,sl,cancelled
1,2025-05-01 07:50:00+00:00,sell,95101.52,0.01,1,tp,B
2,2025-05-01 13:55:00+00:00,sell,95959.03,0.01,1,market,S
2,2025-05-01 14:05:00+00:00,buy,96160.05,0.01,1,sl,S
2,2025-05-01 14:05:00+00:00,buy,95657.73,0.01,0,tp,cancelled
3,2025-05-01 14:25:00+00:00,buy,96341.22,0.01,1,market,B
3,2025-05-01 14:35:00+00:00,sell,96134.72,0.01,0,sl,cancelled
3,2025-05-01 14:35:00+00:00,sell,96650.76,0.01,1,tp,B
4,2025-05-01 17:40:00+00:00,sell,96743.92,0.01,1,market,S
4,2025-05-01 18:30:00+00:00,buy,96922.52,0.01,0,sl,cancelled
4,2025-05-01 18:30:00+00:00,buy,96476.26,0.01,1,tp,S
5,2025-05-01 20:35:00+00:00,buy,96603.7,0.01,1,market,B
5,2025-05-01 20:50:00+00:00,sell,96433.84,0.01,1,sl,B
5,2025-05-01 20:50:00+00:00,sell,96858.26,0.01,0,tp,cancelled
6,2025-05-01 20:45:00+00:00,sell,96579.92,0.01,1,market,S
6,2025-05-01 21:40:00+00:00,buy,96741.54000000001,0.01,1,sl,S
6,2025-05-01 21:40:00+00:00,buy,96337.73,0.01,0,tp,cancelled
7,2025-05-01 21:35:00+00:00,buy,96558.55,0.01,1,market,B
7,2025-05-01 21:40:00+00:00,sell,96432.81,0.01,0,sl,cancelled
7,2025-05-01 21:40:00+00:00,sell,96746.92,0.01,1,tp,B
8,2025-05-01 21:55:00+00:00,sell,96579.28,0.01,1,market,S
8,2025-05-01 22:35:00+00:00,buy,96711.29000000001,0.01,0,sl,cancelled
8,2025-05-01 22:35:00+00:00,buy,96381.5,0.01,1,tp,S
9,2025-05-02 00:10:00+00:00,buy,96551.01,0.01,1,market,B
9,2025-05-02 00:20:00+00:00,sell,96446.61,0.01,0,sl,cancelled
9,2025-05-02 00:20:00+00:00,sell,96707.40000000001,0.01,1,tp,B
10,2025-05-02 04:50:00+00:00,sell,96928.49,0.01,1,market,S
10,2025-05-02 05:50:00+00:00,buy,97026.78,0.01,0,sl,cancelled
10,2025-05-02 05:50:00+00:00,buy,96781.27,0.01,1,tp,S
11,2025-05-02 08:45:00+00:00,buy,96716.83,0.01,1,market,B
11,2025-05-02 09:00:00+00:00,sell,96603.83,0.01,1,sl,B
11,2025-05-02 09:00:00+00:00,sell,96886.12,0.01,0,tp,cancelled
12,2025-05-02 12:30:00+00:00,sell,96790.41,0.01,1,market,S
12,2025-05-02 12:30:00+00:00,buy,96906.11,0.01,1,sl,S
12,2025-05-02 12:30:00+00:00,buy,96617.08,0.01,0,tp,cancelled
13,2025-05-02 12:40:00+00:00,buy,96952.47,0.01,1,market,B
13,2025-05-02 12:55:00+00:00,sell,96820.16,0.01,0,sl,cancelled
13,2025-05-02 12:55:00+00:00,sell,97150.7,0.01,1,tp,B
14,2025-05-02 13:30:00+00:00,sell,96962.19,0.01,1,market,S
14,2025-05-02 13:35:00+00:00,buy,97100.74,0.01,0,sl,cancelled
14,2025-05-02 13:35:00+00:00,buy,96754.58,0.01,1,tp,S
15,2025-05-02 14:20:00+00:00,buy,96978.31,0.01,1,market,B
15,2025-05-02 14:30:00+00:00,sell,96793.17,0.01,0,sl,cancelled
15,2025-05-02 14:30:00+00:00,sell,97255.8,0.01,1,tp,B
16,2025-05-02 17:10:00+00:00,sell,97128.77,0.01,1,market,S
16,2025-05-02 17:20:00+00:00,buy,97298.52,0.01,1,sl,S
16,2025-05-02 17:20:00+00:00,buy,96874.38,0.01,0,tp,cancelled
17,2025-05-02 18:20:00+00:00,buy,97465.08,0.01,1,market,B
17,2025-05-02 18:50:00+00:00,sell,97335.66,0.01,1,sl,B
17,2025-05-02 18:50:00+00:00,sell,97659.0,0.01,0,tp,cancelled
18,2025-05-02 18:55:00+00:00,sell,97265.91,0.01,1,market,S
18,2025-05-02 19:00:00+00:00,buy,97396.98,0.01,0,sl,cancelled
18,2025-05-02 19:00:00+00:00,buy,97069.54000000001,0.01,1,tp,S
19,2025-05-02 23:55:00+00:00,buy,96834.75,0.01,1,market,B
19,2025-05-03 00:25:00+00:00,sell,96762.66,0.01,1,sl,B
19,2025-05-03 00:25:00+00:00,sell,96942.67,0.01,0,tp,cancelled
20,2025-05-03 00:45:00+00:00,sell,96669.44,0.01,1,market,S
20,2025-05-03 01:15:00+00:00,buy,96740.0,0.01,0,sl,cancelled
20,2025-05-03 01:15:00+00:00,buy,96563.83,0.01,1,tp,S
21,2025-05-03 04:45:00+00:00,buy,96561.75,0.01,1,market,B
21,2025-05-03 05:05:00+00:00,sell,96492.51,0.01,1,sl,B
21,2025-05-03 05:05:00+00:00,sell,96665.37,0.01,0,tp,cancelled
22,2025-05-03 05:10:00+00:00,sell,96467.44,0.01,1,market,S
22,2025-05-03 05:15:00+00:00,buy,96525.52,0.01,1,sl,S
22,2025-05-03 05:15:00+00:00,buy,96380.56,0.01,0,tp,cancelled
23,2025-05-03 05:35:00+00:00,buy,96500.08,0.01,1,market,B
23,2025-05-03 05:40:00+00:00,sell,96443.72,0.01,0,sl,cancelled
23,2025-05-03 05:40:00+00:00,sell,96584.41,0.01,1,tp,B
24,2025-05-03 06:05:00+00:00,sell,96377.34,0.01,1,market,S
24,2025-05-03 06:15:00+00:00,buy,96434.93000000001,0.01,0,sl,cancelled
24,2025-05-03 06:15:00+00:00,buy,96291.2,0.01,1,tp,S
25,2025-05-03 08:45:00+00:00,buy,96362.11,0.01,1,market,B
25,2025-05-03 08:50:00+00:00,sell,96292.38,0.01,1,sl,B
25,2025-05-03 08:50:00+00:00,sell,96466.47,0.01,0,tp,cancelled
26,2025-05-03 09:55:00+00:00,sell,96241.69,0.01,1,market,S
26,2025-05-03 10:30:00+00:00,buy,96310.28,0.01,0,sl,cancelled
26,2025-05-03 10:30:00+00:00,buy,96139.04000000001,0.01,1,tp,S
27,2025-05-03 12:45:00+00:00,buy,96140.09,0.01,1,market,B
27,2025-05-03 13:25:00+00:00,sell,96065.55,0.01,0,sl,cancelled
27,2025-05-03 13:25:00+00:00,sell,96251.69,0.01,1,tp,B
28,2025-05-03 16:20:00+00:00,sell,96276.91,0.01,1,market,S
28,2025-05-03 16:35:00+00:00,buy,96336.34,0.01,0,sl,cancelled
28,2025-05-03 16:35:00+00:00,buy,96188.0,0.01,1,tp,S
29,2025-05-03 19:15:00+00:00,buy,96204.8,0.01,1,market,B
29,2025-05-03 19:30:00+00:00,sell,96146.29000000001,0.01,0,sl,cancelled
29,2025-05-03 19:30:00+00:00,sell,96292.33,0.01,1,tp,B
30,2025-05-03 22:00:00+00:00,sell,96266.08,0.01,1,market,S
30,2025-05-03 22:05:00+00:00,buy,96321.52,0.01,1,sl,S
30,2025-05-03 22:05:00+00:00,buy,96183.16,0.01,0,tp,cancelled
31,2025-05-04 02:05:00+00:00,buy,96244.33,0.01,1,market,B
31,2025-05-04 02:30:00+00:00,sell,96122.88,0.01,1,sl,B
31,2025-05-04 02:30:00+00:00,sell,96426.29000000001,0.01,0,tp,cancelled
32,2025-05-04 02:55:00+00:00,sell,95877.66,0.01,1,market,S
32,2025-05-04 03:05:00+00:00,buy,95998.91,0.01,0,sl,cancelled
32,2025-05-04 03:05:00+00:00,buy,95696.02,0.01,1,tp,S
33,2025-05-04 05:25:00+00:00,buy,95898.08,0.01,1,market,B
33,2025-05-04 05:45:00+00:00,sell,95802.32,0.01,0,sl,cancelled
33,2025-05-04 05:45:00+00:00,sell,96041.48,0.01,1,tp,B
34,2025-05-04 07:40:00+00:00,sell,95809.55,0.01,1,market,S
34,2025-05-04 07:45:00+00:00,buy,95884.64,0.01,1,sl,S
34,2025-05-04 07:45:00+00:00,buy,95697.13,0.01,0,tp,cancelled
35,2025-05-04 12:35:00+00:00,buy,95446.66,0.01,1,market,B
35,2025-05-04 12:45:00+00:00,sell,95374.84,0.01,0,sl,cancelled
35,2025-05-04 12:45:00+00:00,sell,95554.15000000001,0.01,1,tp,B
36,2025-05-04 13:20:00+00:00,sell,95355.47,0.01,1,market,S
36,2025-05-04 13:30:00+00:00,buy,95435.09,0.01,1,sl,S
36,2025-05-04 13:30:00+00:00,buy,95236.28,0.01,0,tp,cancelled
37,2025-05-04 14:20:00+00:00,buy,95505.06,0.01,1,market,B
37,2025-05-04 14:50:00+00:00,sell,95421.16,0.01,0,sl,cancelled
37,2025-05-04 14:50:00+00:00,sell,95630.69,0.01,1,tp,B
38,2025-05-04 16:05:00+00:00,sell,95537.46,0.01,1,market,S
38,2025-05-04 16:15:00+00:00,buy,95606.88,0.01,0,sl,cancelled
38,2025-05-04 16:15:00+00:00,buy,95433.56,0.01,1,tp,S
40,2025-05-04 18:50:00+00:00,sell,95401.95,0.01,1,market,S
40,2025-05-04 18:55:00+00:00,buy,95463.98,0.01,1,sl,S
40,2025-05-04 18:55:00+00:00,buy,95309.14,0.01,0,tp,cancelled
39,2025-05-04 18:40:00+00:00,buy,95405.87,0.01,1,market,B
39,2025-05-04 19:30:00+00:00,sell,95340.73,0.01,0,sl,cancelled
39,2025-05-04 19:30:00+00:00,sell,95503.37,0.01,1,tp,B
41,2025-05-04 19:15:00+00:00,buy,95440.08,0.01,1,market,B
41,2025-05-04 19:30:00+00:00,sell,95382.07,0.01,0,sl,cancelled
41,2025-05-04 19:30:00+00:00,sell,95526.88,0.01,1,tp,B
42,2025-05-04 22:05:00+00:00,sell,95172.19,0.01,1,market,S
42,2025-05-04 22:05:00+00:00,buy,95265.85,0.01,1,sl,S
42,2025-05-04 22:05:00+00:00,buy,95031.94,0.01,0,tp,cancelled
43,2025-05-05 04:25:00+00:00,buy,94298.08,0.01,1,market,B
43,2025-05-05 05:35:00+00:00,sell,94171.99,0.01,0,sl,cancelled
43,2025-05-05 05:35:00+00:00,sell,94486.98,0.01,1,tp,B
44,2025-05-05 08:40:00+00:00,sell,94593.88,0.01,1,market,S
44,2025-05-05 09:15:00+00:00,buy,94672.6,0.01,0,sl,cancelled
44,2025-05-05 09:15:00+00:00,buy,94476.04000000001,0.01,1,tp,S
45,2025-05-05 12:40:00+00:00,buy,94337.83,0.01,1,market,B
45,2025-05-05 13:05:00+00:00,sell,94238.06,0.01,1,sl,B
45,2025-05-05 13:05:00+00:00,sell,94487.25,0.01,0,tp,cancelled
46,2025-05-05 13:35:00+00:00,sell,94107.91,0.01,1,market,S
46,2025-05-05 13:35:00+00:00,buy,94252.29000000001,0.01,0,sl,cancelled
46,2025-05-05 13:35:00+00:00,buy,93891.57,0.01,1,tp,S
47,2025-05-05 16:25:00+00:00,buy,94180.7,0.01,1,market,B
47,2025-05-05 17:25:00+00:00,sell,94027.76,0.01,0,sl,cancelled
47,2025-05-05 17:25:00+00:00,sell,94409.90000000001,0.01,1,tp,B
48,2025-05-05 19:55:00+00:00,sell,94391.88,0.01,1,market,S
48,2025-05-05 20:05:00+00:00,buy,94502.17,0.01,0,sl,cancelled
48,2025-05-05 20:05:00+00:00,buy,94226.66,0.01,1,tp,S
49,2025-05-05 21:25:00+00:00,buy,94609.61,0.01,1,market,B
49,2025-05-05 21:30:00+00:00,sell,94497.31,0.01,1,sl,B
49,2025-05-05 21:30:00+00:00,sell,94777.85,0.01,0,tp,cancelled
50,2025-05-06 00:05:00+00:00,sell,94700.52,0.01,1,market,S
50,2025-05-06 00:35:00+00:00,buy,94795.68000000001,0.01,0,sl,cancelled
50,2025-05-06 00:35:00+00:00,buy,94558.02,0.01,1,tp,S
51,2025-05-06 03:50:00+00:00,buy,94493.39,0.01,1,market,B
51,2025-05-06 04:05:00+00:00,sell,94397.58,0.01,1,sl,B
51,2025-05-06 04:05:00+00:00,sell,94636.89,0.01,0,tp,cancelled
52,2025-05-06 05:40:00+00:00,sell,94361.88,0.01,1,market,S
52,2025-05-06 06:05:00+00:00,buy,94430.63,0.01,1,sl,S
52,2025-05-06 06:05:00+00:00,buy,94258.97,0.01,0,tp,cancelled
53,2025-05-06 06:25:00+00:00,buy,94448.08,0.01,1,market,B
53,2025-05-06 07:00:00+00:00,sell,94385.43000000001,0.01,0,sl,cancelled
53,2025-05-06 07:00:00+00:00,sell,94541.85,0.01,1,tp,B
54,2025-05-06 06:50:00+00:00,sell,94475.83,0.01,1,market,S
54,2025-05-06 07:00:00+00:00,buy,94533.99,0.01,1,sl,S
54,2025-05-06 07:00:00+00:00,buy,94388.82,0.01,0,tp,cancelled
55,2025-05-06 06:55:00+00:00,buy,94450.89,0.01,1,market,B
55,2025-05-06 07:00:00+00:00,sell,94393.36,0.01,0,sl,cancelled
55,2025-05-06 07:00:00+00:00,sell,94536.95,0.01,1,tp,B
56,2025-05-06 07:35:00+00:00,sell,94479.2,0.01,1,market,S
56,2025-05-06 07:35:00+00:00,buy,94550.11,0.01,0,sl,cancelled
56,2025-05-06 07:35:00+00:00,buy,94373.08,0.01,1,tp,S
57,2025-05-06 14:15:00+00:00,buy,94046.47,0.01,1,market,B
57,2025-05-06 14:15:00+00:00,sell,93846.0,0.01,0,sl,cancelled
57,2025-05-06 14:15:00+00:00,sell,94346.94,0.01,1,tp,B
58,2025-05-06 20:35:00+00:00,sell,94721.33,0.01,1,market,S
58,2025-05-06 21:20:00+00:00,buy,94825.52,0.01,0,sl,cancelled
58,2025-05-06 21:20:00+00:00,buy,94565.28,0.01,1,tp,S
59,2025-05-06 22:05:00+00:00,buy,95260.09,0.01,1,market,B
59,2025-05-06 22:05:00+00:00,sell,95111.24,0.01,0,sl,cancelled
59,2025-05-06 22:05:00+00:00,sell,95483.15000000001,0.01,1,tp,B
60,2025-05-07 02:25:00+00:00,sell,96999.92,0.01,1,market,S
60,2025-05-07 02:40:00+00:00,buy,97172.01,0.01,0,sl,cancelled
60,2025-05-07 02:40:00+00:00,buy,96742.02,0.01,1,tp,S
61,2025-05-07 06:15:00+00:00,buy,96666.75,0.01,1,market,B
61,2025-05-07 06:20:00+00:00,sell,96576.02,0.01,1,sl,B
61,2025-05-07 06:20:00+00:00,sell,96802.63,0.01,0,tp,cancelled
62,2025-05-07 12:45:00+00:00,sell,96928.49,0.01,1,market,S
62,2025-05-07 13:15:00+00:00,buy,97006.54000000001,0.01,0,sl,cancelled
62,2025-05-07 13:15:00+00:00,buy,96811.66,0.01,1,tp,S
63,2025-05-07 13:55:00+00:00,buy,96989.23,0.01,1,market,B
63,2025-05-07 14:05:00+00:00,sell,96855.14,0.01,0,sl,cancelled
63,2025-05-07 14:05:00+00:00,sell,97190.15000000001,0.01,1,tp,B
64,2025-05-07 15:05:00+00:00,sell,96859.66,0.01,1,market,S
64,2025-05-07 15:10:00+00:00,buy,97011.22,0.01,1,sl,S
64,2025-05-07 15:10:00+00:00,buy,96632.55,0.01,0,tp,cancelled
65,2025-05-07 15:40:00+00:00,buy,97126.89,0.01,1,market,B
65,2025-05-07 15:45:00+00:00,sell,96978.27,0.01,1,sl,B
65,2025-05-07 15:45:00+00:00,sell,97349.61,0.01,0,tp,cancelled
66,2025-05-07 15:50:00+00:00,sell,96903.16,0.01,1,market,S
66,2025-05-07 16:10:00+00:00,buy,97055.21,0.01,0,sl,cancelled
66,2025-05-07 16:10:00+00:00,buy,96675.3,0.01,1,tp,S
67,2025-05-07 20:45:00+00:00,buy,96452.45,0.01,1,market,B
67,2025-05-07 20:55:00+00:00,sell,96252.53,0.01,0,sl,cancelled
67,2025-05-07 20:55:00+00:00,sell,96752.11,0.01,1,tp,B
68,2025-05-08 00:00:00+00:00,sell,97030.41,0.01,1,market,S
68,2025-05-08 00:15:00+00:00,buy,97132.83,0.01,1,sl,S
68,2025-05-08 00:15:00+00:00,buy,96877.02,0.01,0,tp,cancelled
69,2025-05-08 01:00:00+00:00,buy,97770.08,0.01,1,market,B
69,2025-05-08 01:00:00+00:00,sell,97587.62,0.01,0,sl,cancelled
69,2025-05-08 01:00:00+00:00,sell,98043.56,0.01,1,tp,B
70,2025-05-08 05:35:00+00:00,sell,98894.99,0.01,1,market,S
70,2025-05-08 06:55:00+00:00,buy,99033.90000000001,0.01,1,sl,S
70,2025-05-08 06:55:00+00:00,buy,98686.86,0.01,0,tp,cancelled
71,2025-05-08 07:05:00+00:00,buy,99050.08,0.01,1,market,B
71,2025-05-08 07:20:00+00:00,sell,98955.93000000001,0.01,0,sl,cancelled
71,2025-05-08 07:20:00+00:00,sell,99191.09,0.01,1,tp,B
72,2025-05-08 11:25:00+00:00,sell,99541.33,0.01,1,market,S
72,2025-05-08 11:55:00+00:00,buy,99629.07,0.01,0,sl,cancelled
72,2025-05-08 11:55:00+00:00,buy,99409.95,0.01,1,tp,S
73,2025-05-08 14:30:00+00:00,buy,99500.08,0.01,1,market,B
73,2025-05-08 14:30:00+00:00,sell,99334.74,0.01,0,sl,cancelled
73,2025-05-08 14:30:00+00:00,sell,99747.85,0.01,1,tp,B
74,2025-05-08 19:20:00+00:00,sell,101085.69,0.01,1,market,S
74,2025-05-08 19:20:00+00:00,buy,101255.44,0.01,1,sl,S
74,2025-05-08 19:20:00+00:00,buy,100831.28,0.01,0,tp,cancelled
75,2025-05-08 19:45:00+00:00,buy,101257.0,0.01,1,market,B
75,2025-05-08 19:55:00+00:00,sell,101101.65000000001,0.01,1,sl,B
75,2025-05-08 19:55:00+00:00,sell,101489.81,0.01,0,tp,cancelled
76,2025-05-09 00:35:00+00:00,sell,102698.03,0.01,1,market,S
76,2025-05-09 00:50:00+00:00,buy,102908.36,0.01,1,sl,S
76,2025-05-09 00:50:00+00:00,buy,102382.78,0.01,0,tp,cancelled
77,2025-05-09 02:05:00+00:00,buy,102981.67,0.01,1,market,B
77,2025-05-09 02:20:00+00:00,sell,102794.74,0.01,1,sl,B
77,2025-05-09 02:20:00+00:00,sell,103261.85,0.01,0,tp,cancelled
78,2025-05-09 02:25:00+00:00,sell,102730.91,0.01,1,market,S
78,2025-05-09 03:00:00+00:00,buy,102906.26000000001,0.01,0,sl,cancelled
78,2025-05-09 03:00:00+00:00,buy,102468.1,0.01,1,tp,S
79,2025-05-09 05:00:00+00:00,buy,102828.09,0.01,1,market,B
79,2025-05-09 05:20:00+00:00,sell,102697.34,0.01,1,sl,B
79,2025-05-09 05:20:00+00:00,sell,103024.01000000001,0.01,0,tp,cancelled
80,2025-05-09 08:50:00+00:00,sell,102865.64,0.01,1,market,S
80,2025-05-09 09:00:00+00:00,buy,103153.75,0.01,1,sl,S
80,2025-05-09 09:00:00+00:00,buy,102433.71,0.01,0,tp,cancelled
81,2025-05-09 10:50:00+00:00,buy,103356.08,0.01,1,market,B
81,2025-05-09 11:00:00+00:00,sell,103146.03,0.01,1,sl,B
81,2025-05-09 11:00:00+00:00,sell,103670.95,0.01,0,tp,cancelled
82,2025-05-09 11:50:00+00:00,sell,103049.85,0.01,1,market,S
82,2025-05-09 13:35:00+00:00,buy,103282.87,0.01,1,sl,S
82,2025-05-09 13:35:00+00:00,buy,102700.56,0.01,0,tp,cancelled
83,2025-05-09 12:00:00+00:00,buy,102958.39,0.01,1,market,B
83,2025-05-09 13:35:00+00:00,sell,102739.36,0.01,0,sl,cancelled
83,2025-05-09 13:35:00+00:00,sell,103286.73,0.01,1,tp,B
84,2025-05-09 12:05:00+00:00,sell,103038.52,0.01,1,market,S
84,2025-05-09 13:35:00+00:00,buy,103261.91,0.01,1,sl,S
84,2025-05-09 13:35:00+00:00,buy,102703.64,0.01,0,tp,cancelled
85,2025-05-09 13:40:00+00:00,buy,103257.2,0.01,1,market,B
85,2025-05-09 13:45:00+00:00,sell,103068.97,0.01,0,sl,cancelled
85,2025-05-09 13:45:00+00:00,sell,103539.3,0.01,1,tp,B
86,2025-05-09 14:35:00+00:00,sell,103003.07,0.01,1,market,S
86,2025-05-09 14:35:00+00:00,buy,103300.96,0.01,0,sl,cancelled
86,2025-05-09 14:35:00+00:00,buy,102556.48,0.01,1,tp,S
87,2025-05-09 17:30:00+00:00,buy,103031.5,0.01,1,market,B
87,2025-05-09 18:40:00+00:00,sell,102824.1,0.01,0,sl,cancelled
87,2025-05-09 18:40:00+00:00,sell,103342.39,0.01,1,tp,B
88,2025-05-09 21:10:00+00:00,sell,103159.78,0.01,1,market,S
88,2025-05-09 21:10:00+00:00,buy,103252.65000000001,0.01,0,sl,cancelled
88,2025-05-09 21:10:00+00:00,buy,103020.72,0.01,1,tp,S
89,2025-05-10 00:05:00+00:00,buy,103092.58,0.01,1,market,B
89,2025-05-10 00:10:00+00:00,sell,103027.02,0.01,1,sl,B
89,2025-05-10 00:10:00+00:00,sell,103190.68000000001,0.01,0,tp,cancelled
90,2025-05-10 00:45:00+00:00,sell,102875.34,0.01,1,market,S
90,2025-05-10 01:10:00+00:00,buy,102956.25,0.01,1,sl,S
90,2025-05-10 01:10:00+00:00,buy,102754.21,0.01,0,tp,cancelled
91,2025-05-10 01:20:00+00:00,buy,103031.83,0.01,1,market,B
91,2025-05-10 01:45:00+00:00,sell,102957.17,0.01,1,sl,B
91,2025-05-10 01:45:00+00:00,sell,103143.58,0.01,0,tp,cancelled
92,2025-05-10 09:05:00+00:00,sell,103432.42,0.01,1,market,S
92,2025-05-10 09:20:00+00:00,buy,103578.66,0.01,1,sl,S
92,2025-05-10 09:20:00+00:00,buy,103213.29000000001,0.01,0,tp,cancelled
93,2025-05-10 09:50:00+00:00,buy,103784.41,0.01,1,market,B
93,2025-05-10 10:45:00+00:00,sell,103646.0,0.01,1,sl,B
93,2025-05-10 10:45:00+00:00,sell,103991.79000000001,0.01,0,tp,cancelled
94,2025-05-10 10:50:00+00:00,sell,103730.06,0.01,1,market,S
94,2025-05-10 11:00:00+00:00,buy,103854.73,0.01,0,sl,cancelled
94,2025-05-10 11:00:00+00:00,buy,103543.29000000001,0.01,1,tp,S
95,2025-05-10 12:30:00+00:00,buy,103734.0,0.01,1,market,B
95,2025-05-10 13:15:00+00:00,sell,103631.24,0.01,1,sl,B
95,2025-05-10 13:15:00+00:00,sell,103887.93000000001,0.01,0,tp,cancelled
96,2025-05-10 13:25:00+00:00,sell,103549.91,0.01,1,market,S
96,2025-05-10 13:35:00+00:00,buy,103633.86,0.01,1,sl,S
96,2025-05-10 13:35:00+00:00,buy,103424.2,0.01,0,tp,cancelled
97,2025-05-10 13:50:00+00:00,buy,103690.31,0.01,1,market,B
97,2025-05-10 14:00:00+00:00,sell,103605.52,0.01,1,sl,B
97,2025-05-10 14:00:00+00:00,sell,103817.26000000001,0.01,0,tp,cancelled
98,2025-05-10 14:15:00+00:00,sell,103549.41,0.01,1,market,S
98,2025-05-10 14:15:00+00:00,buy,103634.67,0.01,0,sl,cancelled
98,2025-05-10 14:15:00+00:00,buy,103421.75,0.01,1,tp,S
99,2025-05-10 17:15:00+00:00,buy,103390.83,0.01,1,market,B
99,2025-05-10 17:35:00+00:00,sell,103284.49,0.01,0,sl,cancelled
99,2025-05-10 17:35:00+00:00,sell,103550.11,0.01,1,tp,B
100,2025-05-10 17:55:00+00:00,sell,103295.0,0.01,1,market,S
100,2025-05-10 18:30:00+00:00,buy,103416.16,0.01,0,sl,cancelled
100,2025-05-10 18:30:00+00:00,buy,103113.49,0.01,1,tp,S
101,2025-05-10 20:50:00+00:00,buy,103300.0,0.01,1,market,B
101,2025-05-10 20:55:00+00:00,sell,103240.62,0.01,1,sl,B
101,2025-05-10 20:55:00+00:00,sell,103388.83,0.01,0,tp,cancelled
102,2025-05-11 01:55:00+00:00,sell,104099.91,0.01,1,market,S
102,2025-05-11 02:50:00+00:00,buy,104332.46,0.01,0,sl,cancelled
102,2025-05-11 02:50:00+00:00,buy,103751.3,0.01,1,tp,S
103,2025-05-11 04:15:00+00:00,buy,104334.47,0.01,1,market,B
103,2025-05-11 04:30:00+00:00,sell,104169.17,0.01,1,sl,B
103,2025-05-11 04:30:00+00:00,sell,104582.19,0.01,0,tp,cancelled
104,2025-05-11 05:25:00+00:00,sell,103994.22,0.01,1,market,S
104,2025-05-11 05:55:00+00:00,buy,104113.54000000001,0.01,0,sl,cancelled
104,2025-05-11 05:55:00+00:00,buy,103815.48,0.01,1,tp,S
105,2025-05-11 08:25:00+00:00,buy,103942.45,0.01,1,market,B
105,2025-05-11 08:30:00+00:00,sell,103799.34,0.01,1,sl,B
105,2025-05-11 08:30:00+00:00,sell,104156.87,0.01,0,tp,cancelled
106,2025-05-11 13:30:00+00:00,sell,104329.86,0.01,1,market,S
106,2025-05-11 13:35:00+00:00,buy,104464.88,0.01,1,sl,S
106,2025-05-11 13:35:00+00:00,buy,104127.57,0.01,0,tp,cancelled
107,2025-05-11 15:25:00+00:00,buy,104416.16,0.01,1,market,B
107,2025-05-11 15:45:00+00:00,sell,104238.45,0.01,1,sl,B
107,2025-05-11 15:45:00+00:00,sell,104682.48,0.01,0,tp,cancelled
108,2025-05-11 15:45:00+00:00,sell,104277.35,0.01,1,market,S
108,2025-05-11 15:50:00+00:00,buy,104464.72,0.01,0,sl,cancelled
108,2025-05-11 15:50:00+00:00,buy,103996.53,0.01,1,tp,S
109,2025-05-11 18:40:00+00:00,buy,104392.41,0.01,1,market,B
109,2025-05-11 18:45:00+00:00,sell,104223.92,0.01,0,sl,cancelled
109,2025-05-11 18:45:00+00:00,sell,104644.91,0.01,1,tp,B
110,2025-05-11 21:00:00+00:00,sell,104269.77,0.01,1,market,S
110,2025-05-11 21:05:00+00:00,buy,104382.35,0.01,0,sl,cancelled
110,2025-05-11 21:05:00+00:00,buy,104101.11,0.01,1,tp,S
111,2025-05-12 00:05:00+00:00,buy,104192.8,0.01,1,market,B
111,2025-05-12 00:15:00+00:00,sell,104039.83,0.01,0,sl,cancelled
111,2025-05-12 00:15:00+00:00,sell,104422.02,0.01,1,tp,B
112,2025-05-12 01:45:00+00:00,sell,104021.63,0.01,1,market,S
112,2025-05-12 03:05:00+00:00,buy,104229.65000000001,0.01,0,sl,cancelled
112,2025-05-12 03:05:00+00:00,buy,103709.81,0.01,1,tp,S
113,2025-05-12 04:55:00+00:00,buy,104039.83,0.01,1,market,B
113,2025-05-12 05:10:00+00:00,sell,103927.63,0.01,1,sl,B
113,2025-05-12 05:10:00+00:00,sell,104207.92,0.01,0,tp,cancelled
114,2025-05-12 05:20:00+00:00,sell,103904.69,0.01,1,market,S
114,2025-05-12 06:20:00+00:00,buy,104009.95,0.01,1,sl,S
114,2025-05-12 06:20:00+00:00,buy,103747.02,0.01,0,tp,cancelled
115,2025-05-12 06:20:00+00:00,buy,103920.06,0.01,1,market,B
115,2025-05-12 06:25:00+00:00,sell,103806.6,0.01,0,sl,cancelled
115,2025-05-12 06:25:00+00:00,sell,104090.01000000001,0.01,1,tp,B
116,2025-05-12 08:20:00+00:00,sell,104405.41,0.01,1,market,S
116,2025-05-12 08:50:00+00:00,buy,104697.08,0.01,1,sl,S
116,2025-05-12 08:50:00+00:00,buy,103968.12,0.01,0,tp,cancelled
117,2025-05-12 08:50:00+00:00,buy,104576.47,0.01,1,market,B
117,2025-05-12 10:00:00+00:00,sell,104333.34,0.01,1,sl,B
117,2025-05-12 10:00:00+00:00,sell,104940.96,0.01,0,tp,cancelled
118,2025-05-12 09:20:00+00:00,sell,104457.3,0.01,1,market,S
118,2025-05-12 10:20:00+00:00,buy,104661.63,0.01,0,sl,cancelled
118,2025-05-12 10:20:00+00:00,buy,104151.01000000001,0.01,1,tp,S
119,2025-05-12 11:00:00+00:00,buy,104527.7,0.01,1,market,B
119,2025-05-12 11:20:00+00:00,sell,104381.29000000001,0.01,1,sl,B
119,2025-05-12 11:20:00+00:00,sell,104747.1,0.01,0,tp,cancelled
120,2025-05-12 11:35:00+00:00,sell,104351.8,0.01,1,market,S
120,2025-05-12 11:45:00+00:00,buy,104490.12,0.01,0,sl,cancelled
120,2025-05-12 11:45:00+00:00,buy,104144.56,0.01,1,tp,S
121,2025-05-12 14:05:00+00:00,buy,104237.56,0.01,1,market,B
121,2025-05-12 14:10:00+00:00,sell,103988.09,0.01,1,sl,B
121,2025-05-12 14:10:00+00:00,sell,104611.53,0.01,0,tp,cancelled
122,2025-05-12 14:20:00+00:00,sell,104059.91,0.01,1,market,S
122,2025-05-12 14:25:00+00:00,buy,104322.76000000001,0.01,0,sl,cancelled
122,2025-05-12 14:25:00+00:00,buy,103665.88,0.01,1,tp,S
123,2025-05-12 20:35:00+00:00,buy,102387.39,0.01,1,market,B
123,2025-05-12 20:50:00+00:00,sell,102156.78,0.01,0,sl,cancelled
123,2025-05-12 20:50:00+00:00,sell,102733.09,0.01,1,tp,B
124,2025-05-13 00:15:00+00:00,sell,102583.95,0.01,1,market,S
124,2025-05-13 00:30:00+00:00,buy,102704.28,0.01,0,sl,cancelled
124,2025-05-13 00:30:00+00:00,buy,102403.69,0.01,1,tp,S
125,2025-05-13 04:30:00+00:00,buy,102373.83,0.01,1,market,B
125,2025-05-13 04:35:00+00:00,sell,102184.41,0.01,0,sl,cancelled
125,2025-05-13 04:35:00+00:00,sell,102657.74,0.01,1,tp,B
126,2025-05-13 14:00:00+00:00,sell,103715.78,0.01,1,market,S
126,2025-05-13 14:05:00+00:00,buy,103923.65000000001,0.01,0,sl,cancelled
126,2025-05-13 14:05:00+00:00,buy,103404.22,0.01,1,tp,S
127,2025-05-13 15:25:00+00:00,buy,103625.89,0.01,1,market,B
127,2025-05-13 16:10:00+00:00,sell,103401.76000000001,0.01,0,sl,cancelled
127,2025-05-13 16:10:00+00:00,sell,103961.87,0.01,1,tp,B
128,2025-05-13 21:20:00+00:00,sell,104414.94,0.01,1,market,S
128,2025-05-13 21:30:00+00:00,buy,104589.12,0.01,1,sl,S
128,2025-05-13 21:30:00+00:00,buy,104153.91,0.01,0,tp,cancelled
129,2025-05-14 04:40:00+00:00,buy,103766.44,0.01,1,market,B
129,2025-05-14 05:50:00+00:00,sell,103670.99,0.01,0,sl,cancelled
129,2025-05-14 05:50:00+00:00,sell,103909.37,0.01,1,tp,B
130,2025-05-14 07:05:00+00:00,sell,103681.44,0.01,1,market,S
130,2025-05-14 07:15:00+00:00,buy,103762.57,0.01,0,sl,cancelled
130,2025-05-14 07:15:00+00:00,buy,103559.95,0.01,1,tp,S
131,2025-05-14 10:15:00+00:00,buy,103651.14,0.01,1,market,B
131,2025-05-14 10:25:00+00:00,sell,103509.48,0.01,0,sl,cancelled
131,2025-05-14 10:25:00+00:00,sell,103863.42,0.01,1,tp,B
132,2025-05-14 13:50:00+00:00,sell,103618.96,0.01,1,market,S
132,2025-05-14 13:50:00+00:00,buy,103828.65000000001,0.01,1,sl,S
132,2025-05-14 13:50:00+00:00,buy,103304.66,0.01,0,tp,cancelled
133,2025-05-14 18:30:00+00:00,buy,103247.7,0.01,1,market,B
133,2025-05-14 18:55:00+00:00,sell,103076.71,0.01,0,sl,cancelled
133,2025-05-14 18:55:00+00:00,sell,103503.97,0.01,1,tp,B
134,2025-05-14 22:30:00+00:00,sell,103537.14,0.01,1,market,S
134,2025-05-14 23:10:00+00:00,buy,103612.66,0.01,0,sl,cancelled
134,2025-05-14 23:10:00+00:00,buy,103424.1,0.01,1,tp,S
135,2025-05-14 23:15:00+00:00,buy,103544.59,0.01,1,market,B
135,2025-05-14 23:15:00+00:00,sell,103464.47,0.01,1,sl,B
135,2025-05-14 23:15:00+00:00,sell,103664.56,0.01,0,tp,cancelled
136,2025-05-14 23:20:00+00:00,sell,103513.31,0.01,1,market,S
136,2025-05-14 23:55:00+00:00,buy,103599.08,0.01,1,sl,S
136,2025-05-14 23:55:00+00:00,buy,103384.89,0.01,0,tp,cancelled
137,2025-05-14 23:30:00+00:00,buy,103548.89,0.01,1,market,B
137,2025-05-15 00:10:00+00:00,sell,103465.09,0.01,0,sl,cancelled
137,2025-05-15 00:10:00+00:00,sell,103674.36,0.01,1,tp,B
138,2025-05-15 01:30:00+00:00,sell,103475.11,0.01,1,market,S
138,2025-05-15 01:35:00+00:00,buy,103564.71,0.01,0,sl,cancelled
138,2025-05-15 01:35:00+00:00,buy,103340.94,0.01,1,tp,S
139,2025-05-15 08:55:00+00:00,buy,102253.47,0.01,1,market,B
139,2025-05-15 09:05:00+00:00,sell,102123.79000000001,0.01,1,sl,B
139,2025-05-15 09:05:00+00:00,sell,102447.75,0.01,0,tp,cancelled
140,2025-05-15 09:10:00+00:00,sell,102067.77,0.01,1,market,S
140,2025-05-15 09:20:00+00:00,buy,102192.07,0.01,0,sl,cancelled
140,2025-05-15 09:20:00+00:00,buy,101881.55,0.01,1,tp,S
141,2025-05-15 11:15:00+00:00,buy,102076.2,0.01,1,market,B
141,2025-05-15 11:25:00+00:00,sell,101915.18000000001,0.01,0,sl,cancelled
141,2025-05-15 11:25:00+00:00,sell,102317.5,0.01,1,tp,B
142,2025-05-15 13:50:00+00:00,sell,101740.72,0.01,1,market,S
142,2025-05-15 13:50:00+00:00,buy,101990.25,0.01,1,sl,S
142,2025-05-15 13:50:00+00:00,buy,101366.67,0.01,0,tp,cancelled
143,2025-05-15 15:35:00+00:00,buy,102640.62,0.01,1,market,B
143,2025-05-15 15:40:00+00:00,sell,102395.84,0.01,0,sl,cancelled
143,2025-05-15 15:40:00+00:00,sell,103007.58,0.01,1,tp,B
144,2025-05-15 18:45:00+00:00,sell,103301.22,0.01,1,market,S
144,2025-05-15 18:45:00+00:00,buy,103527.56,0.01,0,sl,cancelled
144,2025-05-15 18:45:00+00:00,buy,102961.95,0.01,1,tp,S
145,2025-05-15 20:50:00+00:00,buy,103450.28,0.01,1,market,B
145,2025-05-15 21:00:00+00:00,sell,103253.35,0.01,1,sl,B
145,2025-05-15 21:00:00+00:00,sell,103745.43000000001,0.01,0,tp,cancelled
146,2025-05-15 21:15:00+00:00,sell,103202.81,0.01,1,market,S
146,2025-05-15 21:20:00+00:00,buy,103387.67,0.01,0,sl,cancelled
146,2025-05-15 21:20:00+00:00,buy,102925.75,0.01,1,tp,S
147,2025-05-15 21:55:00+00:00,buy,103309.97,0.01,1,market,B
147,2025-05-15 22:05:00+00:00,sell,103110.06,0.01,0,sl,cancelled
147,2025-05-15 22:05:00+00:00,sell,103609.62,0.01,1,tp,B
148,2025-05-16 01:15:00+00:00,sell,103650.69,0.01,1,market,S
148,2025-05-16 01:30:00+00:00,buy,103815.45,0.01,1,sl,S
148,2025-05-16 01:30:00+00:00,buy,103403.78,0.01,0,tp,cancelled
149,2025-05-16 01:35:00+00:00,buy,103967.78,0.01,1,market,B
149,2025-05-16 02:00:00+00:00,sell,103795.7,0.01,0,sl,cancelled
149,2025-05-16 02:00:00+00:00,sell,104225.69,0.01,1,tp,B
150,2025-05-16 04:20:00+00:00,sell,103983.55,0.01,1,market,S
150,2025-05-16 05:20:00+00:00,buy,104103.68000000001,0.01,1,sl,S
150,2025-05-16 05:20:00+00:00,buy,103803.57,0.01,0,tp,cancelled
151,2025-05-16 06:45:00+00:00,buy,104006.59,0.01,1,market,B
151,2025-05-16 07:00:00+00:00,sell,103901.31,0.01,1,sl,B
151,2025-05-16 07:00:00+00:00,sell,104164.3,0.01,0,tp,cancelled
152,2025-05-16 07:45:00+00:00,sell,103821.06,0.01,1,market,S
152,2025-05-16 08:00:00+00:00,buy,103925.99,0.01,0,sl,cancelled
152,2025-05-16 08:00:00+00:00,buy,103663.90000000001,0.01,1,tp,S
153,2025-05-16 09:50:00+00:00,buy,103734.05,0.01,1,market,B
153,2025-05-16 11:25:00+00:00,sell,103617.45,0.01,1,sl,B
153,2025-05-16 11:25:00+00:00,sell,103908.71,0.01,0,tp,cancelled
154,2025-05-16 12:00:00+00:00,sell,103651.63,0.01,1,market,S
154,2025-05-16 12:05:00+00:00,buy,103760.49,0.01,1,sl,S
154,2025-05-16 12:05:00+00:00,buy,103488.57,0.01,0,tp,cancelled
155,2025-05-16 12:10:00+00:00,buy,103758.73,0.01,1,market,B
155,2025-05-16 12:15:00+00:00,sell,103653.22,0.01,1,sl,B
155,2025-05-16 12:15:00+00:00,sell,103916.78,0.01,0,tp,cancelled
156,2025-05-16 12:15:00+00:00,sell,103720.52,0.01,1,market,S
156,2025-05-16 12:20:00+00:00,buy,103826.63,0.01,0,sl,cancelled
156,2025-05-16 12:20:00+00:00,buy,103561.56,0.01,1,tp,S
157,2025-05-16 13:45:00+00:00,buy,103740.08,0.01,1,market,B
157,2025-05-16 13:55:00+00:00,sell,103595.64,0.01,0,sl,cancelled
157,2025-05-16 13:55:00+00:00,sell,103956.52,0.01,1,tp,B
158,2025-05-16 14:45:00+00:00,sell,103344.55,0.01,1,market,S
158,2025-05-16 14:45:00+00:00,buy,103528.27,0.01,1,sl,S
158,2025-05-16 14:45:00+00:00,buy,103069.21,0.01,0,tp,cancelled
159,2025-05-16 15:10:00+00:00,buy,104005.69,0.01,1,market,B
159,2025-05-16 16:00:00+00:00,sell,103811.05,0.01,0,sl,cancelled
159,2025-05-16 16:00:00+00:00,sell,104297.42,0.01,1,tp,B
160,2025-05-16 17:55:00+00:00,sell,103796.86,0.01,1,market,S
160,2025-05-16 18:05:00+00:00,buy,103954.38,0.01,1,sl,S
160,2025-05-16 18:05:00+00:00,buy,103560.82,0.01,0,tp,cancelled
161,2025-05-17 02:45:00+00:00,buy,103260.81,0.01,1,market,B
161,2025-05-17 03:40:00+00:00,sell,103107.95,0.01,0,sl,cancelled
161,2025-05-17 03:40:00+00:00,sell,103489.86,0.01,1,tp,B
162,2025-05-17 06:00:00+00:00,sell,103342.7,0.01,1,market,S
162,2025-05-17 06:00:00+00:00,buy,103422.38,0.01,1,sl,S
162,2025-05-17 06:00:00+00:00,buy,103223.42,0.01,0,tp,cancelled
163,2025-05-17 07:20:00+00:00,buy,103500.09,0.01,1,market,B
163,2025-05-17 07:25:00+00:00,sell,103429.32,0.01,0,sl,cancelled
163,2025-05-17 07:25:00+00:00,sell,103606.03,0.01,1,tp,B
164,2025-05-17 07:55:00+00:00,sell,103438.02,0.01,1,market,S
164,2025-05-17 08:10:00+00:00,buy,103500.37,0.01,0,sl,cancelled
164,2025-05-17 08:10:00+00:00,buy,103344.7,0.01,1,tp,S
165,2025-05-17 08:50:00+00:00,buy,103465.83,0.01,1,market,B
165,2025-05-17 09:05:00+00:00,sell,103381.23,0.01,1,sl,B
165,2025-05-17 09:05:00+00:00,sell,103592.49,0.01,0,tp,cancelled
166,2025-05-17 09:05:00+00:00,sell,103464.41,0.01,1,market,S
166,2025-05-17 09:05:00+00:00,buy,103562.54000000001,0.01,0,sl,cancelled
166,2025-05-17 09:05:00+00:00,buy,103317.42,0.01,1,tp,S
167,2025-05-17 12:05:00+00:00,buy,102985.05,0.01,1,market,B
167,2025-05-17 12:15:00+00:00,sell,102898.01000000001,0.01,1,sl,B
167,2025-05-17 12:15:00+00:00,sell,103115.37,0.01,0,tp,cancelled
168,2025-05-17 13:05:00+00:00,sell,102897.91,0.01,1,market,S
168,2025-05-17 13:10:00+00:00,buy,102984.15000000001,0.01,1,sl,S
168,2025-05-17 13:10:00+00:00,buy,102768.79000000001,0.01,0,tp,cancelled
169,2025-05-17 13:15:00+00:00,buy,103070.17,0.01,1,market,B
169,2025-05-17 13:20:00+00:00,sell,102972.76000000001,0.01,1,sl,B
169,2025-05-17 13:20:00+00:00,sell,103216.05,0.01,0,tp,cancelled
170,2025-05-17 13:40:00+00:00,sell,102845.49,0.01,1,market,S
170,2025-05-17 13:45:00+00:00,buy,102941.25,0.01,0,sl,cancelled
170,2025-05-17 13:45:00+00:00,buy,102702.07,0.01,1,tp,S
171,2025-05-17 14:25:00+00:00,buy,102975.81,0.01,1,market,B
171,2025-05-17 14:45:00+00:00,sell,102877.85,0.01,0,sl,cancelled
171,2025-05-17 14:45:00+00:00,sell,103122.53,0.01,1,tp,B
172,2025-05-17 16:35:00+00:00,sell,102891.88,0.01,1,market,S
172,2025-05-17 17:00:00+00:00,buy,102987.85,0.01,1,sl,S
172,2025-05-17 17:00:00+00:00,buy,102748.14,0.01,0,tp,cancelled
173,2025-05-17 17:15:00+00:00,buy,103130.53,0.01,1,market,B
173,2025-05-17 17:30:00+00:00,sell,103031.3,0.01,0,sl,cancelled
173,2025-05-17 17:30:00+00:00,sell,103279.14,0.01,1,tp,B
174,2025-05-17 18:55:00+00:00,sell,102993.88,0.01,1,market,S
174,2025-05-17 19:20:00+00:00,buy,103091.49,0.01,1,sl,S
174,2025-05-17 19:20:00+00:00,buy,102847.68000000001,0.01,0,tp,cancelled
175,2025-05-17 19:30:00+00:00,buy,103048.08,0.01,1,market,B
175,2025-05-17 19:40:00+00:00,sell,102964.81,0.01,0,sl,cancelled
175,2025-05-17 19:40:00+00:00,sell,103172.77,0.01,1,tp,B
176,2025-05-17 22:10:00+00:00,sell,102999.92,0.01,1,market,S
176,2025-05-17 23:05:00+00:00,buy,103109.12,0.01,1,sl,S
176,2025-05-17 23:05:00+00:00,buy,102836.35,0.01,0,tp,cancelled
177,2025-05-17 23:45:00+00:00,buy,103152.53,0.01,1,market,B
177,2025-05-18 00:15:00+00:00,sell,103072.40000000001,0.01,0,sl,cancelled
177,2025-05-18 00:15:00+00:00,sell,103272.51000000001,0.01,1,tp,B
178,2025-05-18 03:20:00+00:00,sell,103190.38,0.01,1,market,S
178,2025-05-18 03:30:00+00:00,buy,103244.28,0.01,1,sl,S
178,2025-05-18 03:30:00+00:00,buy,103109.77,0.01,0,tp,cancelled
179,2025-05-18 03:55:00+00:00,buy,103260.95,0.01,1,market,B
179,2025-05-18 04:30:00+00:00,sell,103209.77,0.01,0,sl,cancelled
179,2025-05-18 04:30:00+00:00,sell,103337.49,0.01,1,tp,B
180,2025-05-18 10:40:00+00:00,sell,103842.53,0.01,1,market,S
180,2025-05-18 11:00:00+00:00,buy,103895.23,0.01,1,sl,S
180,2025-05-18 11:00:00+00:00,buy,103763.72,0.01,0,tp,cancelled
181,2025-05-18 12:45:00+00:00,buy,103865.86,0.01,1,market,B
181,2025-05-18 12:55:00+00:00,sell,103823.35,0.01,0,sl,cancelled
181,2025-05-18 12:55:00+00:00,sell,103929.41,0.01,1,tp,B
182,2025-05-18 17:50:00+00:00,sell,105260.78,0.01,1,market,S
182,2025-05-18 17:55:00+00:00,buy,105481.63,0.01,0,sl,cancelled
182,2025-05-18 17:55:00+00:00,buy,104929.74,0.01,1,tp,S
183,2025-05-18 21:30:00+00:00,buy,104302.12,0.01,1,market,B
183,2025-05-18 21:40:00+00:00,sell,104110.8,0.01,0,sl,cancelled
183,2025-05-18 21:40:00+00:00,sell,104588.89,0.01,1,tp,B
184,2025-05-18 22:15:00+00:00,sell,104089.03,0.01,1,market,S
184,2025-05-18 22:20:00+00:00,buy,104300.55,0.01,1,sl,S
184,2025-05-18 22:20:00+00:00,buy,103771.98,0.01,0,tp,cancelled
185,2025-05-18 22:20:00+00:00,buy,104221.31,0.01,1,market,B
185,2025-05-18 22:20:00+00:00,sell,103985.87,0.01,0,sl,cancelled
185,2025-05-18 22:20:00+00:00,sell,104574.25,0.01,1,tp,B
186,2025-05-19 01:05:00+00:00,sell,105260.78,0.01,1,market,S
186,2025-05-19 01:15:00+00:00,buy,105581.38,0.01,0,sl,cancelled
186,2025-05-19 01:15:00+00:00,buy,104780.11,0.01,1,tp,S
187,2025-05-19 07:40:00+00:00,buy,102957.23,0.01,1,market,B
187,2025-05-19 07:45:00+00:00,sell,102746.94,0.01,0,sl,cancelled
187,2025-05-19 07:45:00+00:00,sell,103272.45,0.01,1,tp,B
188,2025-05-19 10:10:00+00:00,sell,102895.61,0.01,1,market,S
188,2025-05-19 10:20:00+00:00,buy,103039.75,0.01,1,sl,S
188,2025-05-19 10:20:00+00:00,buy,102679.63,0.01,0,tp,cancelled
189,2025-05-19 13:45:00+00:00,buy,103032.56,0.01,1,market,B
189,2025-05-19 13:50:00+00:00,sell,102842.16,0.01,0,sl,cancelled
189,2025-05-19 13:50:00+00:00,sell,103317.93000000001,0.01,1,tp,B
190,2025-05-19 18:45:00+00:00,sell,104956.44,0.01,1,market,S
190,2025-05-19 19:00:00+00:00,buy,105171.65000000001,0.01,0,sl,cancelled
190,2025-05-19 19:00:00+00:00,buy,104633.86,0.01,1,tp,S
191,2025-05-19 19:40:00+00:00,buy,105422.14,0.01,1,market,B
191,2025-05-19 20:05:00+00:00,sell,105219.92,0.01,0,sl,cancelled
191,2025-05-19 20:05:00+00:00,sell,105725.23,0.01,1,tp,B
192,2025-05-19 21:40:00+00:00,sell,105194.74,0.01,1,market,S
192,2025-05-19 21:45:00+00:00,buy,105357.05,0.01,1,sl,S
192,2025-05-19 21:45:00+00:00,buy,104951.51000000001,0.01,0,tp,cancelled
193,2025-05-19 21:55:00+00:00,buy,105350.59,0.01,1,market,B
193,2025-05-19 22:20:00+00:00,sell,105196.46,0.01,1,sl,B
193,2025-05-19 22:20:00+00:00,sell,105581.58,0.01,0,tp,cancelled
194,2025-05-19 22:30:00+00:00,sell,105207.58,0.01,1,market,S
194,2025-05-19 22:40:00+00:00,buy,105354.14,0.01,1,sl,S
194,2025-05-19 22:40:00+00:00,buy,104987.98,0.01,0,tp,cancelled
195,2025-05-19 22:55:00+00:00,buy,105578.3,0.01,1,market,B
195,2025-05-19 23:05:00+00:00,sell,105442.24,0.01,0,sl,cancelled
195,2025-05-19 23:05:00+00:00,sell,105782.15000000001,0.01,1,tp,B
196,2025-05-20 03:05:00+00:00,sell,106097.38,0.01,1,market,S
196,2025-05-20 03:30:00+00:00,buy,106327.27,0.01,0,sl,cancelled
196,2025-05-20 03:30:00+00:00,buy,105752.78,0.01,1,tp,S
197,2025-05-20 05:05:00+00:00,buy,106099.41,0.01,1,market,B
197,2025-05-20 05:10:00+00:00,sell,105929.5,0.01,0,sl,cancelled
197,2025-05-20 05:10:00+00:00,sell,106354.04000000001,0.01,1,tp,B
198,2025-05-20 06:20:00+00:00,sell,105690.69,0.01,1,market,S
198,2025-05-20 06:25:00+00:00,buy,105830.16,0.01,0,sl,cancelled
198,2025-05-20 06:25:00+00:00,buy,105481.72,0.01,1,tp,S
199,2025-05-20 09:40:00+00:00,buy,105352.86,0.01,1,market,B
199,2025-05-20 10:10:00+00:00,sell,105249.72,0.01,1,sl,B
199,2025-05-20 10:10:00+00:00,sell,105507.33,0.01,0,tp,cancelled
200,2025-05-20 10:35:00+00:00,sell,105103.36,0.01,1,market,S
200,2025-05-20 11:15:00+00:00,buy,105211.09,0.01,0,sl,cancelled
200,2025-05-20 11:15:00+00:00,buy,104942.01000000001,0.01,1,tp,S
201,2025-05-20 11:45:00+00:00,buy,105329.64,0.01,1,market,B
201,2025-05-20 11:50:00+00:00,sell,105225.8,0.01,1,sl,B
201,2025-05-20 11:50:00+00:00,sell,105485.18000000001,0.01,0,tp,cancelled
202,2025-05-20 12:05:00+00:00,sell,105090.82,0.01,1,market,S
202,2025-05-20 12:20:00+00:00,buy,105186.52,0.01,0,sl,cancelled
202,2025-05-20 12:20:00+00:00,buy,104947.51000000001,0.01,1,tp,S
203,2025-05-20 15:25:00+00:00,buy,104664.44,0.01,1,market,B
203,2025-05-20 15:25:00+00:00,sell,104462.89,0.01,0,sl,cancelled
203,2025-05-20 15:25:00+00:00,sell,104966.53,0.01,1,tp,B
204,2025-05-20 18:55:00+00:00,sell,105566.81,0.01,1,market,S
204,2025-05-20 19:10:00+00:00,buy,105799.63,0.01,1,sl,S
204,2025-05-20 19:10:00+00:00,buy,105217.81,0.01,0,tp,cancelled
205,2025-05-20 19:20:00+00:00,buy,105995.12,0.01,1,market,B
205,2025-05-20 19:25:00+00:00,sell,105749.57,0.01,0,sl,cancelled
205,2025-05-20 19:25:00+00:00,sell,106363.23,0.01,1,tp,B
206,2025-05-20 22:15:00+00:00,sell,106326.6,0.01,1,market,S
206,2025-05-20 22:20:00+00:00,buy,106580.37,0.01,0,sl,cancelled
206,2025-05-20 22:20:00+00:00,buy,105946.18000000001,0.01,1,tp,S
207,2025-05-20 23:05:00+00:00,buy,106769.61,0.01,1,market,B
207,2025-05-20 23:15:00+00:00,sell,106543.61,0.01,0,sl,cancelled
207,2025-05-20 23:15:00+00:00,sell,107108.37,0.01,1,tp,B
208,2025-05-21 01:55:00+00:00,sell,106686.66,0.01,1,market,S
208,2025-05-21 02:00:00+00:00,buy,106868.38,0.01,0,sl,cancelled
208,2025-05-21 02:00:00+00:00,buy,106414.32,0.01,1,tp,S
209,2025-05-21 02:50:00+00:00,buy,106740.11,0.01,1,market,B
209,2025-05-21 03:25:00+00:00,sell,106552.78,0.01,0,sl,cancelled
209,2025-05-21 03:25:00+00:00,sell,107020.86,0.01,1,tp,B
210,2025-05-21 07:25:00+00:00,sell,106836.16,0.01,1,market,S
210,2025-05-21 07:35:00+00:00,buy,107066.89,0.01,0,sl,cancelled
210,2025-05-21 07:35:00+00:00,buy,106490.28,0.01,1,tp,S
211,2025-05-21 11:15:00+00:00,buy,106500.91,0.01,1,market,B
211,2025-05-21 11:15:00+00:00,sell,106363.06,0.01,0,sl,cancelled
211,2025-05-21 11:15:00+00:00,sell,106707.45,0.01,1,tp,B
212,2025-05-21 13:20:00+00:00,sell,106392.75,0.01,1,market,S
212,2025-05-21 13:30:00+00:00,buy,106517.14,0.01,1,sl,S
212,2025-05-21 13:30:00+00:00,buy,106206.40000000001,0.01,0,tp,cancelled
213,2025-05-21 13:35:00+00:00,buy,106573.17,0.01,1,market,B
213,2025-05-21 13:35:00+00:00,sell,106426.01000000001,0.01,0,sl,cancelled
213,2025-05-21 13:35:00+00:00,sell,106793.7,0.01,1,tp,B
214,2025-05-21 17:25:00+00:00,sell,107979.91,0.01,1,market,S
214,2025-05-21 17:25:00+00:00,buy,108428.63,0.01,0,sl,cancelled
214,2025-05-21 17:25:00+00:00,buy,107307.07,0.01,1,tp,S
215,2025-05-21 19:45:00+00:00,buy,108114.31,0.01,1,market,B
215,2025-05-21 19:55:00+00:00,sell,107689.27,0.01,0,sl,cancelled
215,2025-05-21 19:55:00+00:00,sell,108751.63,0.01,1,tp,B
216,2025-05-22 06:10:00+00:00,sell,111048.88,0.01,1,market,S
216,2025-05-22 06:25:00+00:00,buy,111280.67,0.01,0,sl,cancelled
216,2025-05-22 06:25:00+00:00,buy,110701.43000000001,0.01,1,tp,S
217,2025-05-22 10:00:00+00:00,buy,110821.39,0.01,1,market,B
217,2025-05-22 10:05:00+00:00,sell,110635.78,0.01,1,sl,B
217,2025-05-22 10:05:00+00:00,sell,111099.57,0.01,0,tp,cancelled
218,2025-05-22 11:25:00+00:00,sell,110693.27,0.01,1,market,S
218,2025-05-22 11:50:00+00:00,buy,110869.81,0.01,1,sl,S
218,2025-05-22 11:50:00+00:00,buy,110428.68000000001,0.01,0,tp,cancelled
219,2025-05-22 11:50:00+00:00,buy,110834.95,0.01,1,market,B
219,2025-05-22 11:50:00+00:00,sell,110664.87,0.01,0,sl,cancelled
219,2025-05-22 11:50:00+00:00,sell,111089.83,0.01,1,tp,B
220,2025-05-22 14:10:00+00:00,sell,111019.83,0.01,1,market,S
220,2025-05-22 14:25:00+00:00,buy,111322.87,0.01,1,sl,S
220,2025-05-22 14:25:00+00:00,buy,110565.51000000001,0.01,0,tp,cancelled
221,2025-05-22 15:40:00+00:00,buy,111355.76000000001,0.01,1,market,B
221,2025-05-22 16:15:00+00:00,sell,111085.92,0.01,0,sl,cancelled
221,2025-05-22 16:15:00+00:00,sell,111760.3,0.01,1,tp,B
222,2025-05-22 19:45:00+00:00,sell,111359.2,0.01,1,market,S
222,2025-05-22 19:45:00+00:00,buy,111576.55,0.01,0,sl,cancelled
222,2025-05-22 19:45:00+00:00,buy,111033.42,0.01,1,tp,S
223,2025-05-22 22:40:00+00:00,buy,111227.36,0.01,1,market,B
223,2025-05-22 22:45:00+00:00,sell,111090.21,0.01,1,sl,B
223,2025-05-22 22:45:00+00:00,sell,111432.85,0.01,0,tp,cancelled
224,2025-05-23 01:30:00+00:00,sell,111287.67,0.01,1,market,S
224,2025-05-23 01:30:00+00:00,buy,111455.61,0.01,1,sl,S
224,2025-05-23 01:30:00+00:00,buy,111036.0,0.01,0,tp,cancelled
225,2025-05-23 02:10:00+00:00,buy,111428.67,0.01,1,market,B
225,2025-05-23 02:40:00+00:00,sell,111281.68000000001,0.01,1,sl,B
225,2025-05-23 02:40:00+00:00,sell,111648.92,0.01,0,tp,cancelled
226,2025-05-23 02:45:00+00:00,sell,111247.72,0.01,1,market,S
226,2025-05-23 03:25:00+00:00,buy,111389.61,0.01,0,sl,cancelled
226,2025-05-23 03:25:00+00:00,buy,111035.12,0.01,1,tp,S
227,2025-05-23 07:25:00+00:00,buy,110809.61,0.01,1,market,B
227,2025-05-23 07:40:00+00:00,sell,110694.92,0.01,1,sl,B
227,2025-05-23 07:40:00+00:00,sell,110981.44,0.01,0,tp,cancelled
228,2025-05-23 11:15:00+00:00,sell,110994.24,0.01,1,market,S
228,2025-05-23 11:20:00+00:00,buy,111112.17,0.01,0,sl,cancelled
228,2025-05-23 11:20:00+00:00,buy,110817.58,0.01,1,tp,S
229,2025-05-23 14:05:00+00:00,buy,109992.83,0.01,1,market,B
229,2025-05-23 14:20:00+00:00,sell,109585.89,0.01,1,sl,B
229,2025-05-23 14:20:00+00:00,sell,110603.02,0.01,0,tp,cancelled
230,2025-05-23 16:05:00+00:00,sell,108911.1,0.01,1,market,S
230,2025-05-23 16:15:00+00:00,buy,109226.35,0.01,0,sl,cancelled
230,2025-05-23 16:15:00+00:00,buy,108438.46,0.01,1,tp,S
231,2025-05-23 17:20:00+00:00,buy,109458.41,0.01,1,market,B
231,2025-05-23 18:15:00+00:00,sell,109151.33,0.01,1,sl,B
231,2025-05-23 18:15:00+00:00,sell,109918.8,0.01,0,tp,cancelled
232,2025-05-23 18:25:00+00:00,sell,109045.36,0.01,1,market,S
232,2025-05-23 18:50:00+00:00,buy,109295.13,0.01,0,sl,cancelled
232,2025-05-23 18:50:00+00:00,buy,108670.94,0.01,1,tp,S
233,2025-05-24 01:25:00+00:00,buy,107767.14,0.01,1,market,B
233,2025-05-24 01:45:00+00:00,sell,107547.95,0.01,1,sl,B
233,2025-05-24 01:45:00+00:00,sell,108095.72,0.01,0,tp,cancelled
234,2025-05-24 06:00:00+00:00,sell,108235.6,0.01,1,market,S
234,2025-05-24 06:05:00+00:00,buy,108332.62,0.01,1,sl,S
234,2025-05-24 06:05:00+00:00,buy,108090.31,0.01,0,tp,cancelled
235,2025-05-24 08:55:00+00:00,buy,108256.98,0.01,1,market,B
235,2025-05-24 10:30:00+00:00,sell,108113.66,0.01,0,sl,cancelled
235,2025-05-24 10:30:00+00:00,sell,108471.75,0.01,1,tp,B
236,2025-05-24 12:55:00+00:00,sell,108827.5,0.01,1,market,S
236,2025-05-24 13:15:00+00:00,buy,108990.06,0.01,0,sl,cancelled
236,2025-05-24 13:15:00+00:00,buy,108583.90000000001,0.01,1,tp,S
237,2025-05-24 14:55:00+00:00,buy,108943.39,0.01,1,market,B
237,2025-05-24 15:05:00+00:00,sell,108812.59,0.01,0,sl,cancelled
237,2025-05-24 15:05:00+00:00,sell,109139.38,0.01,1,tp,B
238,2025-05-24 16:15:00+00:00,sell,108739.91,0.01,1,market,S
238,2025-05-24 16:20:00+00:00,buy,108865.5,0.01,1,sl,S
238,2025-05-24 16:20:00+00:00,buy,108551.76000000001,0.01,0,tp,cancelled
239,2025-05-24 16:20:00+00:00,buy,108814.3,0.01,1,market,B
239,2025-05-24 16:45:00+00:00,sell,108692.18000000001,0.01,0,sl,cancelled
239,2025-05-24 16:45:00+00:00,sell,108997.24,0.01,1,tp,B
240,2025-05-24 16:25:00+00:00,sell,108870.56,0.01,1,market,S
240,2025-05-24 16:45:00+00:00,buy,108995.54000000001,0.01,1,sl,S
240,2025-05-24 16:45:00+00:00,buy,108683.32,0.01,0,tp,cancelled
241,2025-05-24 16:45:00+00:00,buy,108860.08,0.01,1,market,B
241,2025-05-24 16:45:00+00:00,sell,108732.52,0.01,0,sl,cancelled
241,2025-05-24 16:45:00+00:00,sell,109051.2,0.01,1,tp,B
242,2025-05-24 18:50:00+00:00,sell,108808.13,0.01,1,market,S
242,2025-05-24 19:00:00+00:00,buy,108900.76000000001,0.01,1,sl,S
242,2025-05-24 19:00:00+00:00,buy,108669.40000000001,0.01,0,tp,cancelled
243,2025-05-24 20:20:00+00:00,buy,108954.64,0.01,1,market,B
243,2025-05-24 20:30:00+00:00,sell,108866.41,0.01,0,sl,cancelled
243,2025-05-24 20:30:00+00:00,sell,109086.75,0.01,1,tp,B
244,2025-05-24 21:00:00+00:00,sell,108863.55,0.01,1,market,S
244,2025-05-24 21:05:00+00:00,buy,108937.02,0.01,0,sl,cancelled
244,2025-05-24 21:05:00+00:00,buy,108753.55,0.01,1,tp,S
245,2025-05-25 02:45:00+00:00,buy,107724.08,0.01,1,market,B
245,2025-05-25 02:55:00+00:00,sell,107544.64,0.01,0,sl,cancelled
245,2025-05-25 02:55:00+00:00,sell,107993.0,0.01,1,tp,B
246,2025-05-25 05:45:00+00:00,sell,108019.91,0.01,1,market,S
246,2025-05-25 05:55:00+00:00,buy,108101.97,0.01,1,sl,S
246,2025-05-25 05:55:00+00:00,buy,107897.03,0.01,0,tp,cancelled
247,2025-05-25 11:50:00+00:00,buy,107215.01000000001,0.01,1,market,B
247,2025-05-25 12:10:00+00:00,sell,107069.12,0.01,0,sl,cancelled
247,2025-05-25 12:10:00+00:00,sell,107433.63,0.01,1,tp,B
248,2025-05-25 14:50:00+00:00,sell,107274.63,0.01,1,market,S
248,2025-05-25 15:00:00+00:00,buy,107414.16,0.01,1,sl,S
248,2025-05-25 15:00:00+00:00,buy,107065.55,0.01,0,tp,cancelled
249,2025-05-25 17:10:00+00:00,buy,107227.36,0.01,1,market,B
249,2025-05-25 18:20:00+00:00,sell,107079.27,0.01,0,sl,cancelled
249,2025-05-25 18:20:00+00:00,sell,107449.26000000001,0.01,1,tp,B
250,2025-05-25 21:40:00+00:00,sell,107422.27,0.01,1,market,S
250,2025-05-25 21:45:00+00:00,buy,107541.15000000001,0.01,1,sl,S
250,2025-05-25 21:45:00+00:00,buy,107244.16,0.01,0,tp,cancelled
251,2025-05-25 22:05:00+00:00,buy,107657.06,0.01,1,market,B
251,2025-05-25 22:05:00+00:00,sell,107465.79000000001,0.01,0,sl,cancelled
251,2025-05-25 22:05:00+00:00,sell,107943.75,0.01,1,tp,B
252,2025-05-26 05:10:00+00:00,sell,109474.69,0.01,1,market,S
252,2025-05-26 05:25:00+00:00,buy,109583.77,0.01,1,sl,S
252,2025-05-26 05:25:00+00:00,buy,109311.29000000001,0.01,0,tp,cancelled
253,2025-05-26 05:35:00+00:00,buy,109591.64,0.01,1,market,B
253,2025-05-26 06:20:00+00:00,sell,109485.73,0.01,0,sl,cancelled
253,2025-05-26 06:20:00+00:00,sell,109750.29000000001,0.01,1,tp,B
254,2025-05-26 08:45:00+00:00,sell,109716.45,0.01,1,market,S
254,2025-05-26 09:15:00+00:00,buy,109853.53,0.01,1,sl,S
254,2025-05-26 09:15:00+00:00,buy,109511.07,0.01,0,tp,cancelled
255,2025-05-26 09:25:00+00:00,buy,109924.61,0.01,1,market,B
255,2025-05-26 09:40:00+00:00,sell,109797.95,0.01,1,sl,B
255,2025-05-26 09:40:00+00:00,sell,110114.39,0.01,0,tp,cancelled
256,2025-05-26 09:45:00+00:00,sell,109689.36,0.01,1,market,S
256,2025-05-26 10:05:00+00:00,buy,109815.01000000001,0.01,1,sl,S
256,2025-05-26 10:05:00+00:00,buy,109501.13,0.01,0,tp,cancelled
257,2025-05-26 12:00:00+00:00,buy,109772.81,0.01,1,market,B
257,2025-05-26 12:45:00+00:00,sell,109669.08,0.01,1,sl,B
257,2025-05-26 12:45:00+00:00,sell,109928.2,0.01,0,tp,cancelled
258,2025-05-26 12:25:00+00:00,sell,109727.17,0.01,1,market,S
258,2025-05-26 12:50:00+00:00,buy,109836.96,0.01,1,sl,S
258,2025-05-26 12:50:00+00:00,buy,109562.72,0.01,0,tp,cancelled
259,2025-05-26 12:30:00+00:00,buy,109744.01000000001,0.01,1,market,B
259,2025-05-26 12:50:00+00:00,sell,109637.97,0.01,0,sl,cancelled
259,2025-05-26 12:50:00+00:00,sell,109902.85,0.01,1,tp,B
260,2025-05-26 12:50:00+00:00,buy,109694.17,0.01,1,market,B
260,2025-05-26 12:50:00+00:00,sell,109574.04000000001,0.01,0,sl,cancelled
260,2025-05-26 12:50:00+00:00,sell,109874.16,0.01,1,tp,B
261,2025-05-26 14:00:00+00:00,sell,109595.55,0.01,1,market,S
261,2025-05-26 15:20:00+00:00,buy,109740.81,0.01,1,sl,S
261,2025-05-26 15:20:00+00:00,buy,109377.89,0.01,0,tp,cancelled
262,2025-05-26 15:30:00+00:00,buy,109874.16,0.01,1,market,B
262,2025-05-26 15:30:00+00:00,sell,109712.42,0.01,0,sl,cancelled
262,2025-05-26 15:30:00+00:00,sell,110116.53,0.01,1,tp,B
263,2025-05-26 16:30:00+00:00,sell,109331.82,0.01,1,market,S
263,2025-05-26 16:40:00+00:00,buy,109589.3,0.01,1,sl,S
263,2025-05-26 16:40:00+00:00,buy,108945.84,0.01,0,tp,cancelled
264,2025-05-26 20:25:00+00:00,buy,109238.17,0.01,1,market,B
264,2025-05-26 20:35:00+00:00,sell,109089.12,0.01,0,sl,cancelled
264,2025-05-26 20:35:00+00:00,sell,109461.51000000001,0.01,1,tp,B
265,2025-05-26 23:00:00+00:00,sell,109190.38,0.01,1,market,S
265,2025-05-26 23:05:00+00:00,buy,109332.5,0.01,1,sl,S
265,2025-05-26 23:05:00+00:00,buy,108977.43000000001,0.01,0,tp,cancelled
266,2025-05-26 23:55:00+00:00,buy,109409.19,0.01,1,market,B
266,2025-05-27 00:15:00+00:00,sell,109286.12,0.01,0,sl,cancelled
266,2025-05-27 00:15:00+00:00,sell,109593.55,0.01,1,tp,B
267,2025-05-27 00:45:00+00:00,sell,109261.91,0.01,1,market,S
267,2025-05-27 01:00:00+00:00,buy,109380.32,0.01,0,sl,cancelled
267,2025-05-27 01:00:00+00:00,buy,109084.53,0.01,1,tp,S
268,2025-05-27 03:25:00+00:00,buy,108939.11,0.01,1,market,B
268,2025-05-27 04:45:00+00:00,sell,108698.65000000001,0.01,0,sl,cancelled
268,2025-05-27 04:45:00+00:00,sell,109299.56,0.01,1,tp,B
269,2025-05-27 05:25:00+00:00,sell,108681.67,0.01,1,market,S
269,2025-05-27 05:45:00+00:00,buy,108848.53,0.01,1,sl,S
269,2025-05-27 05:45:00+00:00,buy,108431.61,0.01,0,tp,cancelled
270,2025-05-27 06:00:00+00:00,buy,108923.45,0.01,1,market,B
270,2025-05-27 06:05:00+00:00,sell,108772.83,0.01,0,sl,cancelled
270,2025-05-27 06:05:00+00:00,sell,109149.14,0.01,1,tp,B
271,2025-05-27 11:15:00+00:00,sell,109634.24,0.01,1,market,S
271,2025-05-27 11:15:00+00:00,buy,109731.23,0.01,0,sl,cancelled
271,2025-05-27 11:15:00+00:00,buy,109488.99,0.01,1,tp,S
272,2025-05-27 12:20:00+00:00,buy,109641.86,0.01,1,market,B
272,2025-05-27 12:20:00+00:00,sell,109537.05,0.01,0,sl,cancelled
272,2025-05-27 12:20:00+00:00,sell,109798.84,0.01,1,tp,B
273,2025-05-27 12:50:00+00:00,sell,109550.91,0.01,1,market,S
273,2025-05-27 13:05:00+00:00,buy,109655.24,0.01,1,sl,S
273,2025-05-27 13:05:00+00:00,buy,109394.66,0.01,0,tp,cancelled
274,2025-05-27 13:10:00+00:00,buy,110163.47,0.01,1,market,B
274,2025-05-27 13:10:00+00:00,sell,110002.45,0.01,0,sl,cancelled
274,2025-05-27 13:10:00+00:00,sell,110404.76000000001,0.01,1,tp,B
275,2025-05-27 14:35:00+00:00,sell,109209.45,0.01,1,market,S
275,2025-05-27 14:40:00+00:00,buy,109532.69,0.01,1,sl,S
275,2025-05-27 14:40:00+00:00,buy,108724.83,0.01,0,tp,cancelled
276,2025-05-27 15:45:00+00:00,buy,110002.08,0.01,1,market,B
276,2025-05-27 16:35:00+00:00,sell,109708.92,0.01,0,sl,cancelled
276,2025-05-27 16:35:00+00:00,sell,110441.61,0.01,1,tp,B
277,2025-05-27 18:35:00+00:00,sell,110078.07,0.01,1,market,S
277,2025-05-27 18:55:00+00:00,buy,110243.89,0.01,0,sl,cancelled
277,2025-05-27 18:55:00+00:00,buy,109829.58,0.01,1,tp,S
278,2025-05-28 00:55:00+00:00,buy,109043.56,0.01,1,market,B
278,2025-05-28 01:00:00+00:00,sell,108896.89,0.01,0,sl,cancelled
278,2025-05-28 01:00:00+00:00,sell,109263.36,0.01,1,tp,B
279,2025-05-28 01:25:00+00:00,sell,108886.31,0.01,1,market,S
279,2025-05-28 01:55:00+00:00,buy,109028.04000000001,0.01,0,sl,cancelled
279,2025-05-28 01:55:00+00:00,buy,108673.96,0.01,1,tp,S
280,2025-05-28 03:50:00+00:00,buy,108842.23,0.01,1,market,B
280,2025-05-28 04:20:00+00:00,sell,108722.16,0.01,1,sl,B
280,2025-05-28 04:20:00+00:00,sell,109022.13,0.01,0,tp,cancelled
281,2025-05-28 04:20:00+00:00,sell,108826.71,0.01,1,market,S
281,2025-05-28 04:25:00+00:00,buy,108941.11,0.01,0,sl,cancelled
281,2025-05-28 04:25:00+00:00,buy,108655.35,0.01,1,tp,S
282,2025-05-28 04:35:00+00:00,buy,108738.08,0.01,1,market,B
282,2025-05-28 04:35:00+00:00,sell,108613.13,0.01,0,sl,cancelled
282,2025-05-28 04:35:00+00:00,sell,108925.29000000001,0.01,1,tp,B
283,2025-05-28 06:20:00+00:00,sell,108765.56,0.01,1,market,S
283,2025-05-28 07:05:00+00:00,buy,108868.82,0.01,1,sl,S
283,2025-05-28 07:05:00+00:00,buy,108610.90000000001,0.01,0,tp,cancelled
284,2025-05-28 07:20:00+00:00,buy,108941.37,0.01,1,market,B
284,2025-05-28 07:55:00+00:00,sell,108841.77,0.01,1,sl,B
284,2025-05-28 07:55:00+00:00,sell,109090.56,0.01,0,tp,cancelled
285,2025-05-28 08:10:00+00:00,sell,108877.91,0.01,1,market,S
285,2025-05-28 08:10:00+00:00,buy,108975.94,0.01,0,sl,cancelled
285,2025-05-28 08:10:00+00:00,buy,108731.1,0.01,1,tp,S
286,2025-05-28 08:40:00+00:00,buy,109036.09,0.01,1,market,B
286,2025-05-28 09:05:00+00:00,sell,108914.62,0.01,1,sl,B
286,2025-05-28 09:05:00+00:00,sell,109218.08,0.01,0,tp,cancelled
287,2025-05-28 09:20:00+00:00,sell,108785.91,0.01,1,market,S
287,2025-05-28 09:25:00+00:00,buy,108912.71,0.01,0,sl,cancelled
287,2025-05-28 09:25:00+00:00,buy,108595.92,0.01,1,tp,S
289,2025-05-28 11:35:00+00:00,sell,108744.11,0.01,1,market,S
289,2025-05-28 11:45:00+00:00,buy,108856.8,0.01,1,sl,S
289,2025-05-28 11:45:00+00:00,buy,108575.31,0.01,0,tp,cancelled
290,2025-05-28 11:50:00+00:00,buy,108842.16,0.01,1,market,B
290,2025-05-28 12:15:00+00:00,sell,108739.0,0.01,0,sl,cancelled
290,2025-05-28 12:15:00+00:00,sell,108996.67,0.01,1,tp,B
288,2025-05-28 11:00:00+00:00,buy,108829.08,0.01,1,market,B
288,2025-05-28 12:20:00+00:00,sell,108692.90000000001,0.01,0,sl,cancelled
288,2025-05-28 12:20:00+00:00,sell,109033.14,0.01,1,tp,B
291,2025-05-28 13:25:00+00:00,sell,108739.91,0.01,1,market,S
291,2025-05-28 13:30:00+00:00,buy,108851.29000000001,0.01,1,sl,S
291,2025-05-28 13:30:00+00:00,buy,108573.08,0.01,0,tp,cancelled
292,2025-05-28 13:30:00+00:00,buy,108722.53,0.01,1,market,B
292,2025-05-28 13:30:00+00:00,sell,108595.8,0.01,0,sl,cancelled
292,2025-05-28 13:30:00+00:00,sell,108912.41,0.01,1,tp,B
293,2025-05-28 13:35:00+00:00,sell,108956.44,0.01,1,market,S
293,2025-05-28 13:35:00+00:00,buy,109099.53,0.01,0,sl,cancelled
293,2025-05-28 13:35:00+00:00,buy,108742.05,0.01,1,tp,S
294,2025-05-28 17:15:00+00:00,buy,107650.06,0.01,1,market,B
294,2025-05-28 17:35:00+00:00,sell,107468.02,0.01,1,sl,B
294,2025-05-28 17:35:00+00:00,sell,107922.91,0.01,0,tp,cancelled
295,2025-05-28 19:35:00+00:00,sell,107454.46,0.01,1,market,S
295,2025-05-28 19:40:00+00:00,buy,107606.13,0.01,0,sl,cancelled
295,2025-05-28 19:40:00+00:00,buy,107227.19,0.01,1,tp,S
296,2025-05-28 21:35:00+00:00,buy,107435.61,0.01,1,market,B
296,2025-05-28 22:05:00+00:00,sell,107317.16,0.01,1,sl,B
296,2025-05-28 22:05:00+00:00,sell,107613.04000000001,0.01,0,tp,cancelled
297,2025-05-28 22:25:00+00:00,sell,107248.6,0.01,1,market,S
297,2025-05-28 22:45:00+00:00,buy,107352.1,0.01,1,sl,S
297,2025-05-28 22:45:00+00:00,buy,107093.58,0.01,0,tp,cancelled
298,2025-05-28 22:50:00+00:00,buy,107379.28,0.01,1,market,B
298,2025-05-28 23:00:00+00:00,sell,107271.8,0.01,0,sl,cancelled
298,2025-05-28 23:00:00+00:00,sell,107540.26000000001,0.01,1,tp,B
299,2025-05-29 03:50:00+00:00,sell,107999.34,0.01,1,market,S
299,2025-05-29 04:15:00+00:00,buy,108135.34,0.01,0,sl,cancelled
299,2025-05-29 04:15:00+00:00,buy,107795.57,0.01,1,tp,S
300,2025-05-29 06:30:00+00:00,buy,107936.14,0.01,1,market,B
300,2025-05-29 06:50:00+00:00,sell,107830.54000000001,0.01,1,sl,B
300,2025-05-29 06:50:00+00:00,sell,108094.33,0.01,0,tp,cancelled
301,2025-05-29 12:40:00+00:00,sell,108613.77,0.01,1,market,S
301,2025-05-29 12:40:00+00:00,buy,108743.94,0.01,0,sl,cancelled
301,2025-05-29 12:40:00+00:00,buy,108418.76000000001,0.01,1,tp,S
302,2025-05-29 21:05:00+00:00,buy,106262.47,0.01,1,market,B
302,2025-05-29 22:40:00+00:00,sell,106087.85,0.01,1,sl,B
302,2025-05-29 22:40:00+00:00,sell,106524.17,0.01,0,tp,cancelled
303,2025-05-29 22:50:00+00:00,sell,106135.41,0.01,1,market,S
303,2025-05-29 22:55:00+00:00,buy,106265.28,0.01,0,sl,cancelled
303,2025-05-29 22:55:00+00:00,buy,105940.85,0.01,1,tp,S
304,2025-05-30 02:00:00+00:00,buy,105666.75,0.01,1,market,B
304,2025-05-30 02:10:00+00:00,sell,105430.26000000001,0.01,0,sl,cancelled
304,2025-05-30 02:10:00+00:00,sell,106021.27,0.01,1,tp,B
305,2025-05-30 06:20:00+00:00,sell,106028.32,0.01,1,market,S
305,2025-05-30 06:35:00+00:00,buy,106119.35,0.01,0,sl,cancelled
305,2025-05-30 06:35:00+00:00,buy,105892.01000000001,0.01,1,tp,S
306,2025-05-30 10:05:00+00:00,buy,105546.89,0.01,1,market,B
306,2025-05-30 10:10:00+00:00,sell,105321.73,0.01,1,sl,B
306,2025-05-30 10:10:00+00:00,sell,105884.39,0.01,0,tp,cancelled
307,2025-05-30 12:25:00+00:00,sell,105349.09,0.01,1,market,S
307,2025-05-30 12:25:00+00:00,buy,105543.29000000001,0.01,1,sl,S
307,2025-05-30 12:25:00+00:00,buy,105058.03,0.01,0,tp,cancelled
308,2025-05-30 12:40:00+00:00,buy,105739.66,0.01,1,market,B
308,2025-05-30 13:15:00+00:00,sell,105535.63,0.01,1,sl,B
308,2025-05-30 13:15:00+00:00,sell,106045.46,0.01,0,tp,cancelled
309,2025-05-30 13:15:00+00:00,sell,105628.69,0.01,1,market,S
309,2025-05-30 13:40:00+00:00,buy,105815.04000000001,0.01,1,sl,S
309,2025-05-30 13:40:00+00:00,buy,105349.38,0.01,0,tp,cancelled
310,2025-05-30 15:30:00+00:00,buy,105750.05,0.01,1,market,B
310,2025-05-30 15:35:00+00:00,sell,105526.64,0.01,1,sl,B
310,2025-05-30 15:35:00+00:00,sell,106084.92,0.01,0,tp,cancelled
311,2025-05-30 16:00:00+00:00,sell,105542.91,0.01,1,market,S
311,2025-05-30 16:15:00+00:00,buy,105749.91,0.01,0,sl,cancelled
311,2025-05-30 16:15:00+00:00,buy,105232.65000000001,0.01,1,tp,S
312,2025-05-30 18:45:00+00:00,buy,104679.28,0.01,1,market,B
312,2025-05-30 19:00:00+00:00,sell,104476.2,0.01,0,sl,cancelled
312,2025-05-30 19:00:00+00:00,sell,104983.69,0.01,1,tp,B
313,2025-05-30 20:30:00+00:00,sell,104443.11,0.01,1,market,S
313,2025-05-30 20:40:00+00:00,buy,104595.37,0.01,1,sl,S
313,2025-05-30 20:40:00+00:00,buy,104214.95,0.01,0,tp,cancelled
314,2025-05-30 20:40:00+00:00,buy,104557.72,0.01,1,market,B
314,2025-05-30 20:45:00+00:00,sell,104404.63,0.01,0,sl,cancelled
314,2025-05-30 20:45:00+00:00,sell,104787.15000000001,0.01,1,tp,B
315,2025-05-30 21:55:00+00:00,sell,104666.57,0.01,1,market,S
315,2025-05-30 22:05:00+00:00,buy,104782.90000000001,0.01,0,sl,cancelled
315,2025-05-30 22:05:00+00:00,buy,104492.31,0.01,1,tp,S
316,2025-05-31 04:20:00+00:00,buy,103618.89,0.01,1,market,B
316,2025-05-31 05:00:00+00:00,sell,103441.8,0.01,0,sl,cancelled
316,2025-05-31 05:00:00+00:00,sell,103884.31,0.01,1,tp,B
317,2025-05-31 07:35:00+00:00,sell,103784.74,0.01,1,market,S
317,2025-05-31 07:45:00+00:00,buy,103854.75,0.01,0,sl,cancelled
317,2025-05-31 07:45:00+00:00,buy,103679.96,0.01,1,tp,S
318,2025-05-31 07:50:00+00:00,buy,103668.25,0.01,1,market,B
318,2025-05-31 07:50:00+00:00,sell,103593.7,0.01,0,sl,cancelled
318,2025-05-31 07:50:00+00:00,sell,103779.86,0.01,1,tp,B
319,2025-05-31 08:10:00+00:00,sell,103715.07,0.01,1,market,S
319,2025-05-31 08:15:00+00:00,buy,103794.24,0.01,0,sl,cancelled
319,2025-05-31 08:15:00+00:00,buy,103596.55,0.01,1,tp,S
320,2025-05-31 12:05:00+00:00,buy,103547.26000000001,0.01,1,market,B
320,2025-05-31 12:05:00+00:00,sell,103467.72,0.01,0,sl,cancelled
320,2025-05-31 12:05:00+00:00,sell,103666.35,0.01,1,tp,B
321,2025-05-31 17:05:00+00:00,sell,104411.91,0.01,1,market,S
321,2025-05-31 17:10:00+00:00,buy,104531.49,0.01,1,sl,S
321,2025-05-31 17:10:00+00:00,buy,104232.78,0.01,0,tp,cancelled
322,2025-05-31 19:10:00+00:00,buy,104694.67,0.01,1,market,B
322,2025-05-31 19:10:00+00:00,sell,104607.78,0.01,1,sl,B
322,2025-05-31 19:10:00+00:00,sell,104824.79000000001,0.01,0,tp,cancelled
323,2025-05-31 22:45:00+00:00,sell,104723.33,0.01,1,market,S
323,2025-05-31 22:55:00+00:00,buy,104790.5,0.01,0,sl,cancelled
323,2025-05-31 22:55:00+00:00,buy,104622.82,0.01,1,tp,S
