trade_id,entry_time,exit_time,entry_price,exit_price,side,qty,filled,sl,tp,raw_pnl,fee,pnl,margin,return,comments
0,2025-05-01 06:55:00+00:00,2025-05-01 07:10:00+00:00,94879.81,94961.07,sell,0.01,0.01,94961.07,94758.16,-0.8126000000000931,0.0,-0.8126000000000931,9999.1874,-8.126000000000932e-05,
1,2025-05-01 07:15:00+00:00,2025-05-01 07:50:00+00:00,94982.73,95101.52,sell,0.01,0.01,94903.40000000001,95101.52,1.1879000000000814,0.0,1.1879000000000814,10000.375300000002,0.00011879965365986454,
2,2025-05-01 13:55:00+00:00,2025-05-01 14:05:00+00:00,95959.03,96160.05,sell,0.01,0.01,96160.05,95657.73,-2.0102000000000406,0.0,-2.0102000000000406,9998.3651,-0.00020101245600253026,
3,2025-05-01 14:25:00+00:00,2025-05-01 14:35:00+00:00,96341.22,96650.76,sell,0.01,0.01,96134.72,96650.76,3.095399999999936,0.0,3.095399999999936,10001.460500000001,0.000309590614969635,
4,2025-05-01 17:40:00+00:00,2025-05-01 18:30:00+00:00,96743.92,96476.26,sell,0.01,0.01,96922.52,96476.26,2.676600000000035,0.0,2.676600000000035,10004.137100000002,0.0002676209139655188,
5,2025-05-01 20:35:00+00:00,2025-05-01 20:50:00+00:00,96603.7,96433.84,sell,0.01,0.01,96433.84,96858.26,-1.6986000000000059,0.0,-1.6986000000000059,10002.438500000002,-0.00016978975627992998,
6,2025-05-01 20:45:00+00:00,2025-05-01 21:40:00+00:00,96579.92,96741.54000000001,sell,0.01,0.01,96741.54000000001,96337.73,-1.616200000000099,0.0,-1.616200000000099,10000.822300000002,-0.0001615805985710483,
7,2025-05-01 21:35:00+00:00,2025-05-01 21:40:00+00:00,96558.55,96746.92,sell,0.01,0.01,96432.81,96746.92,1.8836999999999535,0.0,1.8836999999999535,10002.706000000002,0.00018835451160850576,
8,2025-05-01 21:55:00+00:00,2025-05-01 22:35:00+00:00,96579.28,96381.5,sell,0.01,0.01,96711.29000000001,96381.5,1.9777999999999885,0.0,1.9777999999999885,10004.683800000003,0.00019772649521039486,
9,2025-05-02 00:10:00+00:00,2025-05-02 00:20:00+00:00,96551.01,96707.40000000001,sell,0.01,0.01,96446.61,96707.40000000001,1.5639000000001397,0.0,1.5639000000001397,10006.247700000004,0.00015631678434456262,
10,2025-05-02 04:50:00+00:00,2025-05-02 05:50:00+00:00,96928.49,96781.27,sell,0.01,0.01,97026.78,96781.27,1.4722000000000117,0.0,1.4722000000000117,10007.719900000004,0.00014712807879021535,
11,2025-05-02 08:45:00+00:00,2025-05-02 09:00:00+00:00,96716.83,96603.83,sell,0.01,0.01,96603.83,96886.12,-1.1300000000000001,0.0,-1.1300000000000001,10006.589900000004,-0.00011291283242249812,
12,2025-05-02 12:30:00+00:00,2025-05-02 12:30:00+00:00,96790.41,96906.11,sell,0.01,0.01,96906.11,96617.08,-1.156999999999971,0.0,-1.156999999999971,10005.432900000005,-0.00011562380506869483,
13,2025-05-02 12:40:00+00:00,2025-05-02 12:55:00+00:00,96952.47,97150.7,sell,0.01,0.01,96820.16,97150.7,1.9822999999999593,0.0,1.9822999999999593,10007.415200000005,0.0001981223621018895,
14,2025-05-02 13:30:00+00:00,2025-05-02 13:35:00+00:00,96962.19,96754.58,sell,0.01,0.01,97100.74,96754.58,2.076100000000006,0.0,2.076100000000006,10009.491300000005,0.0002074561671029703,
15,2025-05-02 14:20:00+00:00,2025-05-02 14:30:00+00:00,96978.31,97255.8,sell,0.01,0.01,96793.17,97255.8,2.7749000000000525,0.0,2.7749000000000525,10012.266200000005,0.0002772268756555142,
16,2025-05-02 17:10:00+00:00,2025-05-02 17:20:00+00:00,97128.77,97298.52,sell,0.01,0.01,97298.52,96874.38,-1.6975,0.0,-1.6975,10010.568700000005,-0.00016954203634737548,
17,2025-05-02 18:20:00+00:00,2025-05-02 18:50:00+00:00,97465.08,97335.66,sell,0.01,0.01,97335.66,97659.0,-1.2941999999999825,0.0,-1.2941999999999825,10009.274500000005,-0.0001292833642907802,
18,2025-05-02 18:55:00+00:00,2025-05-02 19:00:00+00:00,97265.91,97069.54000000001,sell,0.01,0.01,97396.98,97069.54000000001,1.9636999999999534,0.0,1.9636999999999534,10011.238200000005,0.00019618804539729153,
19,2025-05-02 23:55:00+00:00,2025-05-03 00:25:00+00:00,96834.75,96762.66,sell,0.01,0.01,96762.66,96942.67,-0.7208999999999651,0.0,-0.7208999999999651,10010.517300000005,-7.20090747615979e-05,
20,2025-05-03 00:45:00+00:00,2025-05-03 01:15:00+00:00,96669.44,96563.83,sell,0.01,0.01,96740.0,96563.83,1.0561000000000058,0.0,1.0561000000000058,10011.573400000005,0.00010549904349098975,
21,2025-05-03 04:45:00+00:00,2025-05-03 05:05:00+00:00,96561.75,96492.51,sell,0.01,0.01,96492.51,96665.37,-0.6924000000000524,0.0,-0.6924000000000524,10010.881000000005,-6.915995841373465e-05,
22,2025-05-03 05:10:00+00:00,2025-05-03 05:15:00+00:00,96467.44,96525.52,sell,0.01,0.01,96525.52,96380.56,-0.5808000000000175,0.0,-0.5808000000000175,10010.300200000005,-5.801687184175072e-05,
23,2025-05-03 05:35:00+00:00,2025-05-03 05:40:00+00:00,96500.08,96584.41,sell,0.01,0.01,96443.72,96584.41,0.8433000000000175,0.0,0.8433000000000175,10011.143500000006,8.424322779051292e-05,
24,2025-05-03 06:05:00+00:00,2025-05-03 06:15:00+00:00,96377.34,96291.2,sell,0.01,0.01,96434.93000000001,96291.2,0.8613999999999942,0.0,0.8613999999999942,10012.004900000005,8.60441167385118e-05,
25,2025-05-03 08:45:00+00:00,2025-05-03 08:50:00+00:00,96362.11,96292.38,sell,0.01,0.01,96292.38,96466.47,-0.6972999999999593,0.0,-0.6972999999999593,10011.307600000006,-6.964639020501866e-05,
26,2025-05-03 09:55:00+00:00,2025-05-03 10:30:00+00:00,96241.69,96139.04000000001,sell,0.01,0.01,96310.28,96139.04000000001,1.0264999999999418,0.0,1.0264999999999418,10012.334100000005,0.00010253405858790526,
27,2025-05-03 12:45:00+00:00,2025-05-03 13:25:00+00:00,96140.09,96251.69,sell,0.01,0.01,96065.55,96251.69,1.1160000000000583,0.0,1.1160000000000583,10013.450100000005,0.0001114625210119644,
28,2025-05-03 16:20:00+00:00,2025-05-03 16:35:00+00:00,96276.91,96188.0,sell,0.01,0.01,96336.34,96188.0,0.889100000000035,0.0,0.889100000000035,10014.339200000006,8.879057578766328e-05,
29,2025-05-03 19:15:00+00:00,2025-05-03 19:30:00+00:00,96204.8,96292.33,sell,0.01,0.01,96146.29000000001,96292.33,0.8752999999999884,0.0,0.8752999999999884,10015.214500000006,8.740466869746014e-05,
30,2025-05-03 22:00:00+00:00,2025-05-03 22:05:00+00:00,96266.08,96321.52,sell,0.01,0.01,96321.52,96183.16,-0.5544000000000233,0.0,-0.5544000000000233,10014.660100000005,-5.535577895011864e-05,
31,2025-05-04 02:05:00+00:00,2025-05-04 02:30:00+00:00,96244.33,96122.88,sell,0.01,0.01,96122.88,96426.29000000001,-1.2144999999999708,0.0,-1.2144999999999708,10013.445600000005,-0.00012127221372195849,
32,2025-05-04 02:55:00+00:00,2025-05-04 03:05:00+00:00,95877.66,95696.02,sell,0.01,0.01,95998.91,95696.02,1.8163999999999942,0.0,1.8163999999999942,10015.262000000004,0.00018139610205701755,
33,2025-05-04 05:25:00+00:00,2025-05-04 05:45:00+00:00,95898.08,96041.48,sell,0.01,0.01,95802.32,96041.48,1.4339999999999418,0.0,1.4339999999999418,10016.696000000004,0.00014318147643066563,
34,2025-05-04 07:40:00+00:00,2025-05-04 07:45:00+00:00,95809.55,95884.64,sell,0.01,0.01,95884.64,95697.13,-0.750899999999965,0.0,-0.750899999999965,10015.945100000004,-7.496483870529412e-05,
35,2025-05-04 12:35:00+00:00,2025-05-04 12:45:00+00:00,95446.66,95554.15000000001,sell,0.01,0.01,95374.84,95554.15000000001,1.0749000000000524,0.0,1.0749000000000524,10017.020000000004,0.00010731887897429189,
36,2025-05-04 13:20:00+00:00,2025-05-04 13:30:00+00:00,95355.47,95435.09,sell,0.01,0.01,95435.09,95236.28,-0.7961999999999535,0.0,-0.7961999999999535,10016.223800000003,-7.948471701164151e-05,
37,2025-05-04 14:20:00+00:00,2025-05-04 14:50:00+00:00,95505.06,95630.69,sell,0.01,0.01,95421.16,95630.69,1.2563000000000466,0.0,1.2563000000000466,10017.480100000004,0.00012542651053783823,
38,2025-05-04 16:05:00+00:00,2025-05-04 16:15:00+00:00,95537.46,95433.56,sell,0.01,0.01,95606.88,95433.56,1.0390000000000874,0.0,1.0390000000000874,10018.519100000005,0.00010371869867753338,
40,2025-05-04 18:50:00+00:00,2025-05-04 18:55:00+00:00,95401.95,95463.98,sell,0.01,0.01,95463.98,95309.14,-0.6202999999999884,0.0,-0.6202999999999884,10017.898800000004,-6.191533836572593e-05,
39,2025-05-04 18:40:00+00:00,2025-05-04 19:30:00+00:00,95405.87,95503.37,sell,0.01,0.01,95340.73,95503.37,0.975,0.0,0.975,10018.873800000005,9.732579849978117e-05,
41,2025-05-04 19:15:00+00:00,2025-05-04 19:30:00+00:00,95440.08,95526.88,sell,0.01,0.01,95382.07,95526.88,0.8680000000000291,0.0,0.8680000000000291,10019.741800000005,8.66364840327691e-05,
42,2025-05-04 22:05:00+00:00,2025-05-04 22:05:00+00:00,95172.19,95265.85,sell,0.01,0.01,95265.85,95031.94,-0.936600000000035,0.0,-0.936600000000035,10018.805200000004,-9.347546261122562e-05,
43,2025-05-05 04:25:00+00:00,2025-05-05 05:35:00+00:00,94298.08,94486.98,sell,0.01,0.01,94171.99,94486.98,1.8889999999999418,0.0,1.8889999999999418,10020.694200000004,0.00018854543653568003,
44,2025-05-05 08:40:00+00:00,2025-05-05 09:15:00+00:00,94593.88,94476.04000000001,sell,0.01,0.01,94672.6,94476.04000000001,1.178399999999965,0.0,1.178399999999965,10021.872600000004,0.00011759664315471922,
45,2025-05-05 12:40:00+00:00,2025-05-05 13:05:00+00:00,94337.83,94238.06,sell,0.01,0.01,94238.06,94487.25,-0.9977000000000408,0.0,-0.9977000000000408,10020.874900000004,-9.955225333836716e-05,
46,2025-05-05 13:35:00+00:00,2025-05-05 13:35:00+00:00,94107.91,93891.57,sell,0.01,0.01,94252.29000000001,93891.57,2.163399999999965,0.0,2.163399999999965,10023.038300000004,0.00021588933317588508,
47,2025-05-05 16:25:00+00:00,2025-05-05 17:25:00+00:00,94180.7,94409.90000000001,sell,0.01,0.01,94027.76,94409.90000000001,2.2920000000001166,0.0,2.2920000000001166,10025.330300000003,0.00022867317587723033,
48,2025-05-05 19:55:00+00:00,2025-05-05 20:05:00+00:00,94391.88,94226.66,sell,0.01,0.01,94502.17,94226.66,1.6522000000000117,0.0,1.6522000000000117,10026.982500000004,0.00016480255019627743,
49,2025-05-05 21:25:00+00:00,2025-05-05 21:30:00+00:00,94609.61,94497.31,sell,0.01,0.01,94497.31,94777.85,-1.123000000000029,0.0,-1.123000000000029,10025.859500000004,-0.0001119978019309427,
50,2025-05-06 00:05:00+00:00,2025-05-06 00:35:00+00:00,94700.52,94558.02,sell,0.01,0.01,94795.68000000001,94558.02,1.425,0.0,1.425,10027.284500000003,0.00014213245258423973,
51,2025-05-06 03:50:00+00:00,2025-05-06 04:05:00+00:00,94493.39,94397.58,sell,0.01,0.01,94397.58,94636.89,-0.9580999999999767,0.0,-0.9580999999999767,10026.326400000004,-9.55492985164604e-05,
52,2025-05-06 05:40:00+00:00,2025-05-06 06:05:00+00:00,94361.88,94430.63,sell,0.01,0.01,94430.63,94258.97,-0.6875,0.0,-0.6875,10025.638900000004,-6.856948124090592e-05,
53,2025-05-06 06:25:00+00:00,2025-05-06 07:00:00+00:00,94448.08,94541.85,sell,0.01,0.01,94385.43000000001,94541.85,0.9377000000000407,0.0,0.9377000000000407,10026.576600000004,9.353019885845284e-05,
54,2025-05-06 06:50:00+00:00,2025-05-06 07:00:00+00:00,94475.83,94533.99,sell,0.01,0.01,94533.99,94388.82,-0.581600000000035,0.0,-0.581600000000035,10025.995000000004,-5.800584019874089e-05,
55,2025-05-06 06:55:00+00:00,2025-05-06 07:00:00+00:00,94450.89,94536.95,sell,0.01,0.01,94393.36,94536.95,0.8605999999999767,0.0,0.8605999999999767,10026.855600000004,8.58368670640646e-05,
56,2025-05-06 07:35:00+00:00,2025-05-06 07:35:00+00:00,94479.2,94373.08,sell,0.01,0.01,94550.11,94373.08,1.0611999999999535,0.0,1.0611999999999535,10027.916800000005,0.00010583577168498896,
57,2025-05-06 14:15:00+00:00,2025-05-06 14:15:00+00:00,94046.47,94346.94,sell,0.01,0.01,93846.0,94346.94,3.0047000000000117,0.0,3.0047000000000117,10030.921500000004,0.0002996335190974072,
58,2025-05-06 20:35:00+00:00,2025-05-06 21:20:00+00:00,94721.33,94565.28,sell,0.01,0.01,94825.52,94565.28,1.560500000000029,0.0,1.560500000000029,10032.482000000004,0.00015556895744822931,
59,2025-05-06 22:05:00+00:00,2025-05-06 22:05:00+00:00,95260.09,95483.15000000001,sell,0.01,0.01,95111.24,95483.15000000001,2.2306000000001225,0.0,2.2306000000001225,10034.712600000004,0.00022233780235041755,
60,2025-05-07 02:25:00+00:00,2025-05-07 02:40:00+00:00,96999.92,96742.02,sell,0.01,0.01,97172.01,96742.02,2.578999999999942,0.0,2.578999999999942,10037.291600000004,0.0002570078588997099,
61,2025-05-07 06:15:00+00:00,2025-05-07 06:20:00+00:00,96666.75,96576.02,sell,0.01,0.01,96576.02,96802.63,-0.9072999999999593,0.0,-0.9072999999999593,10036.384300000003,-9.03929103743443e-05,
62,2025-05-07 12:45:00+00:00,2025-05-07 13:15:00+00:00,96928.49,96811.66,sell,0.01,0.01,97006.54000000001,96811.66,1.1683000000000174,0.0,1.1683000000000174,10037.552600000003,0.00011640646323198456,
63,2025-05-07 13:55:00+00:00,2025-05-07 14:05:00+00:00,96989.23,97190.15000000001,sell,0.01,0.01,96855.14,97190.15000000001,2.009200000000128,0.0,2.009200000000128,10039.561800000003,0.00020016831592993372,
64,2025-05-07 15:05:00+00:00,2025-05-07 15:10:00+00:00,96859.66,97011.22,sell,0.01,0.01,97011.22,96632.55,-1.5155999999999767,0.0,-1.5155999999999767,10038.046200000003,-0.00015096276413179471,
65,2025-05-07 15:40:00+00:00,2025-05-07 15:45:00+00:00,97126.89,96978.27,sell,0.01,0.01,96978.27,97349.61,-1.4861999999999536,0.0,-1.4861999999999536,10036.560000000003,-0.00014805670051607785,
66,2025-05-07 15:50:00+00:00,2025-05-07 16:10:00+00:00,96903.16,96675.3,sell,0.01,0.01,97055.21,96675.3,2.2786000000000057,0.0,2.2786000000000057,10038.838600000003,0.00022702997839897386,
67,2025-05-07 20:45:00+00:00,2025-05-07 20:55:00+00:00,96452.45,96752.11,sell,0.01,0.01,96252.53,96752.11,2.996600000000035,0.0,2.996600000000035,10041.835200000003,0.00029850066520643474,
68,2025-05-08 00:00:00+00:00,2025-05-08 00:15:00+00:00,97030.41,97132.83,sell,0.01,0.01,97132.83,96877.02,-1.0241999999999825,0.0,-1.0241999999999825,10040.811000000003,-0.00010199330895213079,
69,2025-05-08 01:00:00+00:00,2025-05-08 01:00:00+00:00,97770.08,98043.56,sell,0.01,0.01,97587.62,98043.56,2.7347999999999595,0.0,2.7347999999999595,10043.545800000004,0.00027236843717105705,
70,2025-05-08 05:35:00+00:00,2025-05-08 06:55:00+00:00,98894.99,99033.90000000001,sell,0.01,0.01,99033.90000000001,98686.86,-1.3891000000000349,0.0,-1.3891000000000349,10042.156700000003,-0.00013830772793409617,
71,2025-05-08 07:05:00+00:00,2025-05-08 07:20:00+00:00,99050.08,99191.09,sell,0.01,0.01,98955.93000000001,99191.09,1.4100999999999477,0.0,1.4100999999999477,10043.566800000002,0.0001404180438650143,
72,2025-05-08 11:25:00+00:00,2025-05-08 11:55:00+00:00,99541.33,99409.95,sell,0.01,0.01,99629.07,99409.95,1.3138000000000465,0.0,1.3138000000000465,10044.880600000002,0.00013081010224376126,
73,2025-05-08 14:30:00+00:00,2025-05-08 14:30:00+00:00,99500.08,99747.85,sell,0.01,0.01,99334.74,99747.85,2.477700000000041,0.0,2.477700000000041,10047.358300000002,0.0002466629618275443,
74,2025-05-08 19:20:00+00:00,2025-05-08 19:20:00+00:00,101085.69,101255.44,sell,0.01,0.01,101255.44,100831.28,-1.6975,0.0,-1.6975,10045.660800000001,-0.00016894988207994928,
75,2025-05-08 19:45:00+00:00,2025-05-08 19:55:00+00:00,101257.0,101101.65000000001,sell,0.01,0.01,101101.65000000001,101489.81,-1.5534999999999126,0.0,-1.5534999999999126,10044.107300000001,-0.00015464388365570857,
76,2025-05-09 00:35:00+00:00,2025-05-09 00:50:00+00:00,102698.03,102908.36,sell,0.01,0.01,102908.36,102382.78,-2.1033000000000177,0.0,-2.1033000000000177,10042.004,-0.00020940636506342554,
77,2025-05-09 02:05:00+00:00,2025-05-09 02:20:00+00:00,102981.67,102794.74,sell,0.01,0.01,102794.74,103261.85,-1.8692999999999302,0.0,-1.8692999999999302,10040.1347,-0.0001861481035060263,
78,2025-05-09 02:25:00+00:00,2025-05-09 03:00:00+00:00,102730.91,102468.1,sell,0.01,0.01,102906.26000000001,102468.1,2.628099999999977,0.0,2.628099999999977,10042.7628,0.0002617594363549701,
79,2025-05-09 05:00:00+00:00,2025-05-09 05:20:00+00:00,102828.09,102697.34,sell,0.01,0.01,102697.34,103024.01000000001,-1.3075,0.0,-1.3075,10041.4553,-0.00013019325717819404,
80,2025-05-09 08:50:00+00:00,2025-05-09 09:00:00+00:00,102865.64,103153.75,sell,0.01,0.01,103153.75,102433.71,-2.8811000000000058,0.0,-2.8811000000000058,10038.5742,-0.00028692056220177626,
81,2025-05-09 10:50:00+00:00,2025-05-09 11:00:00+00:00,103356.08,103146.03,sell,0.01,0.01,103146.03,103670.95,-2.100500000000029,0.0,-2.100500000000029,10036.473699999999,-0.00020924286239773268,
82,2025-05-09 11:50:00+00:00,2025-05-09 13:35:00+00:00,103049.85,103282.87,sell,0.01,0.01,103282.87,102700.56,-2.3301999999998952,0.0,-2.3301999999998952,10034.143499999998,-0.0002321731785138734,
83,2025-05-09 12:00:00+00:00,2025-05-09 13:35:00+00:00,102958.39,103286.73,sell,0.01,0.01,102739.36,103286.73,3.2833999999999652,0.0,3.2833999999999652,10037.426899999999,0.00032722274701373023,
84,2025-05-09 12:05:00+00:00,2025-05-09 13:35:00+00:00,103038.52,103261.91,sell,0.01,0.01,103261.91,102703.64,-2.2338999999999944,0.0,-2.2338999999999944,10035.193,-0.0002225570379994493,
85,2025-05-09 13:40:00+00:00,2025-05-09 13:45:00+00:00,103257.2,103539.3,sell,0.01,0.01,103068.97,103539.3,2.8210000000000583,0.0,2.8210000000000583,10038.014,0.0002811106871586883,
86,2025-05-09 14:35:00+00:00,2025-05-09 14:35:00+00:00,103003.07,102556.48,sell,0.01,0.01,103300.96,102556.48,4.465900000000111,0.0,4.465900000000111,10042.479899999998,0.0004448987618467269,
87,2025-05-09 17:30:00+00:00,2025-05-09 18:40:00+00:00,103031.5,103342.39,sell,0.01,0.01,102824.1,103342.39,3.1088999999999944,0.0,3.1088999999999944,10045.588799999998,0.00030957492879821397,
88,2025-05-09 21:10:00+00:00,2025-05-09 21:10:00+00:00,103159.78,103020.72,sell,0.01,0.01,103252.65000000001,103020.72,1.3905999999999767,0.0,1.3905999999999767,10046.979399999998,0.00013842891916897665,
89,2025-05-10 00:05:00+00:00,2025-05-10 00:10:00+00:00,103092.58,103027.02,sell,0.01,0.01,103027.02,103190.68000000001,-0.6555999999999768,0.0,-0.6555999999999768,10046.323799999998,-6.525344323886807e-05,
90,2025-05-10 00:45:00+00:00,2025-05-10 01:10:00+00:00,102875.34,102956.25,sell,0.01,0.01,102956.25,102754.21,-0.8091000000000349,0.0,-0.8091000000000349,10045.514699999998,-8.0536922371548e-05,
91,2025-05-10 01:20:00+00:00,2025-05-10 01:45:00+00:00,103031.83,102957.17,sell,0.01,0.01,102957.17,103143.58,-0.7466000000000349,0.0,-0.7466000000000349,10044.768099999998,-7.432172688971676e-05,
92,2025-05-10 09:05:00+00:00,2025-05-10 09:20:00+00:00,103432.42,103578.66,sell,0.01,0.01,103578.66,103213.29000000001,-1.4624000000000523,0.0,-1.4624000000000523,10043.305699999997,-0.00014558822915982029,
93,2025-05-10 09:50:00+00:00,2025-05-10 10:45:00+00:00,103784.41,103646.0,sell,0.01,0.01,103646.0,103991.79000000001,-1.384100000000035,0.0,-1.384100000000035,10041.921599999998,-0.000137813190332346,
94,2025-05-10 10:50:00+00:00,2025-05-10 11:00:00+00:00,103730.06,103543.29000000001,sell,0.01,0.01,103854.73,103543.29000000001,1.8676999999998953,0.0,1.8676999999998953,10043.789299999999,0.00018599029890851724,
95,2025-05-10 12:30:00+00:00,2025-05-10 13:15:00+00:00,103734.0,103631.24,sell,0.01,0.01,103631.24,103887.93000000001,-1.0275999999999477,0.0,-1.0275999999999477,10042.7617,-0.0001023119829883277,
96,2025-05-10 13:25:00+00:00,2025-05-10 13:35:00+00:00,103549.91,103633.86,sell,0.01,0.01,103633.86,103424.2,-0.8394999999999709,0.0,-0.8394999999999709,10041.922199999999,-8.359254407081779e-05,
97,2025-05-10 13:50:00+00:00,2025-05-10 14:00:00+00:00,103690.31,103605.52,sell,0.01,0.01,103605.52,103817.26000000001,-0.847899999999936,0.0,-0.847899999999936,10041.074299999998,-8.443602560473294e-05,
98,2025-05-10 14:15:00+00:00,2025-05-10 14:15:00+00:00,103549.41,103421.75,sell,0.01,0.01,103634.67,103421.75,1.276600000000035,0.0,1.276600000000035,10042.350899999998,0.00012713779042547622,
99,2025-05-10 17:15:00+00:00,2025-05-10 17:35:00+00:00,103390.83,103550.11,sell,0.01,0.01,103284.49,103550.11,1.5927999999999884,0.0,1.5927999999999884,10043.943699999998,0.00015860827966088985,
100,2025-05-10 17:55:00+00:00,2025-05-10 18:30:00+00:00,103295.0,103113.49,sell,0.01,0.01,103416.16,103113.49,1.8150999999999478,0.0,1.8150999999999478,10045.758799999998,0.000180715867612833,
101,2025-05-10 20:50:00+00:00,2025-05-10 20:55:00+00:00,103300.0,103240.62,sell,0.01,0.01,103240.62,103388.83,-0.5938000000000466,0.0,-0.5938000000000466,10045.164999999997,-5.9109521920837555e-05,
102,2025-05-11 01:55:00+00:00,2025-05-11 02:50:00+00:00,104099.91,103751.3,sell,0.01,0.01,104332.46,103751.3,3.4861000000000057,0.0,3.4861000000000057,10048.651099999997,0.00034704258217759556,
103,2025-05-11 04:15:00+00:00,2025-05-11 04:30:00+00:00,104334.47,104169.17,sell,0.01,0.01,104169.17,104582.19,-1.6530000000000291,0.0,-1.6530000000000291,10046.998099999997,-0.0001644996909087658,
104,2025-05-11 05:25:00+00:00,2025-05-11 05:55:00+00:00,103994.22,103815.48,sell,0.01,0.01,104113.54000000001,103815.48,1.7874000000000525,0.0,1.7874000000000525,10048.785499999996,0.00017790388553970695,
105,2025-05-11 08:25:00+00:00,2025-05-11 08:30:00+00:00,103942.45,103799.34,sell,0.01,0.01,103799.34,104156.87,-1.4311000000000058,0.0,-1.4311000000000058,10047.354399999997,-0.00014241522022736045,
106,2025-05-11 13:30:00+00:00,2025-05-11 13:35:00+00:00,104329.86,104464.88,sell,0.01,0.01,104464.88,104127.57,-1.3502000000000407,0.0,-1.3502000000000407,10046.004199999996,-0.00013438363436249856,
107,2025-05-11 15:25:00+00:00,2025-05-11 15:45:00+00:00,104416.16,104238.45,sell,0.01,0.01,104238.45,104682.48,-1.777100000000064,0.0,-1.777100000000064,10044.227099999996,-0.00017689620316902363,
108,2025-05-11 15:45:00+00:00,2025-05-11 15:50:00+00:00,104277.35,103996.53,sell,0.01,0.01,104464.72,103996.53,2.80820000000007,0.0,2.80820000000007,10047.035299999996,0.0002795834833324379,
109,2025-05-11 18:40:00+00:00,2025-05-11 18:45:00+00:00,104392.41,104644.91,sell,0.01,0.01,104223.92,104644.91,2.525,0.0,2.525,10049.560299999996,0.00025131791863018546,
110,2025-05-11 21:00:00+00:00,2025-05-11 21:05:00+00:00,104269.77,104101.11,sell,0.01,0.01,104382.35,104101.11,1.686600000000035,0.0,1.686600000000035,10051.246899999996,0.00016782823821655517,
111,2025-05-12 00:05:00+00:00,2025-05-12 00:15:00+00:00,104192.8,104422.02,sell,0.01,0.01,104039.83,104422.02,2.292200000000012,0.0,2.292200000000012,10053.539099999996,0.0002280513077437201,
112,2025-05-12 01:45:00+00:00,2025-05-12 03:05:00+00:00,104021.63,103709.81,sell,0.01,0.01,104229.65000000001,103709.81,3.11820000000007,0.0,3.11820000000007,10056.657299999997,0.0003101594343030974,
113,2025-05-12 04:55:00+00:00,2025-05-12 05:10:00+00:00,104039.83,103927.63,sell,0.01,0.01,103927.63,104207.92,-1.121999999999971,0.0,-1.121999999999971,10055.535299999998,-0.00011156788647853908,
114,2025-05-12 05:20:00+00:00,2025-05-12 06:20:00+00:00,103904.69,104009.95,sell,0.01,0.01,104009.95,103747.02,-1.0525999999999476,0.0,-1.0525999999999476,10054.482699999999,-0.00010467866389966806,
115,2025-05-12 06:20:00+00:00,2025-05-12 06:25:00+00:00,103920.06,104090.01000000001,sell,0.01,0.01,103806.6,104090.01000000001,1.6995000000001164,0.0,1.6995000000001164,10056.1822,0.00016902908391300096,
116,2025-05-12 08:20:00+00:00,2025-05-12 08:50:00+00:00,104405.41,104697.08,sell,0.01,0.01,104697.08,103968.12,-2.9166999999999828,0.0,-2.9166999999999828,10053.2655,-0.0002900404887254313,
117,2025-05-12 08:50:00+00:00,2025-05-12 10:00:00+00:00,104576.47,104333.34,sell,0.01,0.01,104333.34,104940.96,-2.4313000000000464,0.0,-2.4313000000000464,10050.8342,-0.00024184181746717486,
118,2025-05-12 09:20:00+00:00,2025-05-12 10:20:00+00:00,104457.3,104151.01000000001,sell,0.01,0.01,104661.63,104151.01000000001,3.062899999999936,0.0,3.062899999999936,10053.8971,0.0003047408741455447,
119,2025-05-12 11:00:00+00:00,2025-05-12 11:20:00+00:00,104527.7,104381.29000000001,sell,0.01,0.01,104381.29000000001,104747.1,-1.4640999999998894,0.0,-1.4640999999998894,10052.433,-0.00014562512281927865,
120,2025-05-12 11:35:00+00:00,2025-05-12 11:45:00+00:00,104351.8,104144.56,sell,0.01,0.01,104490.12,104144.56,2.0724000000000524,0.0,2.0724000000000524,10054.505400000002,0.00020615904627268366,
121,2025-05-12 14:05:00+00:00,2025-05-12 14:10:00+00:00,104237.56,103988.09,sell,0.01,0.01,103988.09,104611.53,-2.494700000000012,0.0,-2.494700000000012,10052.010700000003,-0.00024811762496044923,
122,2025-05-12 14:20:00+00:00,2025-05-12 14:25:00+00:00,104059.91,103665.88,sell,0.01,0.01,104322.76000000001,103665.88,3.9402999999999886,0.0,3.9402999999999886,10055.951000000003,0.0003919912261931822,
123,2025-05-12 20:35:00+00:00,2025-05-12 20:50:00+00:00,102387.39,102733.09,sell,0.01,0.01,102156.78,102733.09,3.456999999999971,0.0,3.456999999999971,10059.408000000003,0.00034377653590396076,
124,2025-05-13 00:15:00+00:00,2025-05-13 00:30:00+00:00,102583.95,102403.69,sell,0.01,0.01,102704.28,102403.69,1.8025999999999476,0.0,1.8025999999999476,10061.210600000002,0.00017919543575525986,
125,2025-05-13 04:30:00+00:00,2025-05-13 04:35:00+00:00,102373.83,102657.74,sell,0.01,0.01,102184.41,102657.74,2.839100000000035,0.0,2.839100000000035,10064.049700000001,0.000282182742502183,
126,2025-05-13 14:00:00+00:00,2025-05-13 14:05:00+00:00,103715.78,103404.22,sell,0.01,0.01,103923.65000000001,103404.22,3.1155999999999766,0.0,3.1155999999999766,10067.1653,0.00030957716752928754,
127,2025-05-13 15:25:00+00:00,2025-05-13 16:10:00+00:00,103625.89,103961.87,sell,0.01,0.01,103401.76000000001,103961.87,3.3597999999999595,0.0,3.3597999999999595,10070.5251,0.00033373843578390027,
128,2025-05-13 21:20:00+00:00,2025-05-13 21:30:00+00:00,104414.94,104589.12,sell,0.01,0.01,104589.12,104153.91,-1.7417999999999303,0.0,-1.7417999999999303,10068.783300000001,-0.00017296019648468282,
129,2025-05-14 04:40:00+00:00,2025-05-14 05:50:00+00:00,103766.44,103909.37,sell,0.01,0.01,103670.99,103909.37,1.42929999999993,0.0,1.42929999999993,10070.2126,0.0001419535963198185,
130,2025-05-14 07:05:00+00:00,2025-05-14 07:15:00+00:00,103681.44,103559.95,sell,0.01,0.01,103762.57,103559.95,1.2149000000000525,0.0,1.2149000000000525,10071.427500000002,0.00012064293458909223,
131,2025-05-14 10:15:00+00:00,2025-05-14 10:25:00+00:00,103651.14,103863.42,sell,0.01,0.01,103509.48,103863.42,2.1227999999999883,0.0,2.1227999999999883,10073.5503,0.0002107744905079233,
132,2025-05-14 13:50:00+00:00,2025-05-14 13:50:00+00:00,103618.96,103828.65000000001,sell,0.01,0.01,103828.65000000001,103304.66,-2.0969000000000233,0.0,-2.0969000000000233,10071.4534,-0.00020815898442478847,
133,2025-05-14 18:30:00+00:00,2025-05-14 18:55:00+00:00,103247.7,103503.97,sell,0.01,0.01,103076.71,103503.97,2.562700000000041,0.0,2.562700000000041,10074.0161,0.00025445185498252325,
134,2025-05-14 22:30:00+00:00,2025-05-14 23:10:00+00:00,103537.14,103424.1,sell,0.01,0.01,103612.66,103424.1,1.130399999999936,0.0,1.130399999999936,10075.1465,0.00011220946927014895,
135,2025-05-14 23:15:00+00:00,2025-05-14 23:15:00+00:00,103544.59,103464.47,sell,0.01,0.01,103464.47,103664.56,-0.8011999999999535,0.0,-0.8011999999999535,10074.3453,-7.952241687006272e-05,
136,2025-05-14 23:20:00+00:00,2025-05-14 23:55:00+00:00,103513.31,103599.08,sell,0.01,0.01,103599.08,103384.89,-0.8577000000000408,0.0,-0.8577000000000408,10073.4876,-8.513704607683445e-05,
137,2025-05-14 23:30:00+00:00,2025-05-15 00:10:00+00:00,103548.89,103674.36,sell,0.01,0.01,103465.09,103674.36,1.2547000000000117,0.0,1.2547000000000117,10074.7423,0.0001245546775676789,
138,2025-05-15 01:30:00+00:00,2025-05-15 01:35:00+00:00,103475.11,103340.94,sell,0.01,0.01,103564.71,103340.94,1.3416999999999826,0.0,1.3416999999999826,10076.084,0.00013317462224318955,
139,2025-05-15 08:55:00+00:00,2025-05-15 09:05:00+00:00,102253.47,102123.79000000001,sell,0.01,0.01,102123.79000000001,102447.75,-1.2967999999999302,0.0,-1.2967999999999302,10074.7872,-0.0001287007928873886,
140,2025-05-15 09:10:00+00:00,2025-05-15 09:20:00+00:00,102067.77,101881.55,sell,0.01,0.01,102192.07,101881.55,1.8622000000000116,0.0,1.8622000000000116,10076.6494,0.0001848376509629912,
141,2025-05-15 11:15:00+00:00,2025-05-15 11:25:00+00:00,102076.2,102317.5,sell,0.01,0.01,101915.18000000001,102317.5,2.413000000000029,0.0,2.413000000000029,10079.0624,0.00023946451883103415,
142,2025-05-15 13:50:00+00:00,2025-05-15 13:50:00+00:00,101740.72,101990.25,sell,0.01,0.01,101990.25,101366.67,-2.4952999999999883,0.0,-2.4952999999999883,10076.5671,-0.0002475726313590427,
143,2025-05-15 15:35:00+00:00,2025-05-15 15:40:00+00:00,102640.62,103007.58,sell,0.01,0.01,102395.84,103007.58,3.669600000000064,0.0,3.669600000000064,10080.2367,0.00036417164333675344,
144,2025-05-15 18:45:00+00:00,2025-05-15 18:45:00+00:00,103301.22,102961.95,sell,0.01,0.01,103527.56,102961.95,3.392700000000041,0.0,3.392700000000041,10083.6294,0.00033656947757983115,
145,2025-05-15 20:50:00+00:00,2025-05-15 21:00:00+00:00,103450.28,103253.35,sell,0.01,0.01,103253.35,103745.43000000001,-1.96929999999993,0.0,-1.96929999999993,10081.6601,-0.00019529674503903627,
146,2025-05-15 21:15:00+00:00,2025-05-15 21:20:00+00:00,103202.81,102925.75,sell,0.01,0.01,103387.67,102925.75,2.770599999999977,0.0,2.770599999999977,10084.430699999999,0.00027481585101247135,
147,2025-05-15 21:55:00+00:00,2025-05-15 22:05:00+00:00,103309.97,103609.62,sell,0.01,0.01,103110.06,103609.62,2.996499999999942,0.0,2.996499999999942,10087.427199999998,0.000297141215914146,
148,2025-05-16 01:15:00+00:00,2025-05-16 01:30:00+00:00,103650.69,103815.45,sell,0.01,0.01,103815.45,103403.78,-1.6475999999999476,0.0,-1.6475999999999476,10085.779599999998,-0.00016333203376178495,
149,2025-05-16 01:35:00+00:00,2025-05-16 02:00:00+00:00,103967.78,104225.69,sell,0.01,0.01,103795.7,104225.69,2.579100000000035,0.0,2.579100000000035,10088.358699999999,0.00025571647431201405,
150,2025-05-16 04:20:00+00:00,2025-05-16 05:20:00+00:00,103983.55,104103.68000000001,sell,0.01,0.01,104103.68000000001,103803.57,-1.2013000000000467,0.0,-1.2013000000000467,10087.157399999998,-0.00011907784365360113,
151,2025-05-16 06:45:00+00:00,2025-05-16 07:00:00+00:00,104006.59,103901.31,sell,0.01,0.01,103901.31,104164.3,-1.0527999999999884,0.0,-1.0527999999999884,10086.104599999999,-0.00010437033529386471,
152,2025-05-16 07:45:00+00:00,2025-05-16 08:00:00+00:00,103821.06,103663.90000000001,sell,0.01,0.01,103925.99,103663.90000000001,1.5715999999998895,0.0,1.5715999999998895,10087.676199999998,0.00015581833248089552,
153,2025-05-16 09:50:00+00:00,2025-05-16 11:25:00+00:00,103734.05,103617.45,sell,0.01,0.01,103617.45,103908.71,-1.1660000000000583,0.0,-1.1660000000000583,10086.510199999999,-0.00011558658078260467,
154,2025-05-16 12:00:00+00:00,2025-05-16 12:05:00+00:00,103651.63,103760.49,sell,0.01,0.01,103760.49,103488.57,-1.0886000000000058,0.0,-1.0886000000000058,10085.4216,-0.00010792632718499665,
155,2025-05-16 12:10:00+00:00,2025-05-16 12:15:00+00:00,103758.73,103653.22,sell,0.01,0.01,103653.22,103916.78,-1.0550999999999475,0.0,-1.0550999999999475,10084.3665,-0.00010461635039629355,
156,2025-05-16 12:15:00+00:00,2025-05-16 12:20:00+00:00,103720.52,103561.56,sell,0.01,0.01,103826.63,103561.56,1.589600000000064,0.0,1.589600000000064,10085.9561,0.00015763012976571845,
157,2025-05-16 13:45:00+00:00,2025-05-16 13:55:00+00:00,103740.08,103956.52,sell,0.01,0.01,103595.64,103956.52,2.164400000000023,0.0,2.164400000000023,10088.120499999999,0.00021459542144943732,
158,2025-05-16 14:45:00+00:00,2025-05-16 14:45:00+00:00,103344.55,103528.27,sell,0.01,0.01,103528.27,103069.21,-1.8372000000000117,0.0,-1.8372000000000117,10086.2833,-0.00018211519182388948,
159,2025-05-16 15:10:00+00:00,2025-05-16 16:00:00+00:00,104005.69,104297.42,sell,0.01,0.01,103811.05,104297.42,2.917299999999959,0.0,2.917299999999959,10089.200599999998,0.0002892343902337107,
160,2025-05-16 17:55:00+00:00,2025-05-16 18:05:00+00:00,103796.86,103954.38,sell,0.01,0.01,103954.38,103560.82,-1.5752000000000408,0.0,-1.5752000000000408,10087.625399999999,-0.00015612733480589543,
161,2025-05-17 02:45:00+00:00,2025-05-17 03:40:00+00:00,103260.81,103489.86,sell,0.01,0.01,103107.95,103489.86,2.290500000000029,0.0,2.290500000000029,10089.915899999998,0.00022706037438702167,
162,2025-05-17 06:00:00+00:00,2025-05-17 06:00:00+00:00,103342.7,103422.38,sell,0.01,0.01,103422.38,103223.42,-0.7968000000000757,0.0,-0.7968000000000757,10089.119099999998,-7.896993472463688e-05,
163,2025-05-17 07:20:00+00:00,2025-05-17 07:25:00+00:00,103500.09,103606.03,sell,0.01,0.01,103429.32,103606.03,1.0594000000000232,0.0,1.0594000000000232,10090.178499999998,0.00010500421191380558,
164,2025-05-17 07:55:00+00:00,2025-05-17 08:10:00+00:00,103438.02,103344.7,sell,0.01,0.01,103500.37,103344.7,0.9332000000000699,0.0,0.9332000000000699,10091.111699999998,9.248597534722206e-05,
165,2025-05-17 08:50:00+00:00,2025-05-17 09:05:00+00:00,103465.83,103381.23,sell,0.01,0.01,103381.23,103592.49,-0.8460000000000583,0.0,-0.8460000000000583,10090.265699999998,-8.383615454381091e-05,
166,2025-05-17 09:05:00+00:00,2025-05-17 09:05:00+00:00,103464.41,103317.42,sell,0.01,0.01,103562.54000000001,103317.42,1.4699000000000524,0.0,1.4699000000000524,10091.735599999998,0.0001456750539284662,
167,2025-05-17 12:05:00+00:00,2025-05-17 12:15:00+00:00,102985.05,102898.01000000001,sell,0.01,0.01,102898.01000000001,103115.37,-0.870399999999936,0.0,-0.870399999999936,10090.865199999998,-8.624879153591145e-05,
168,2025-05-17 13:05:00+00:00,2025-05-17 13:10:00+00:00,102897.91,102984.15000000001,sell,0.01,0.01,102984.15000000001,102768.79000000001,-0.8624000000000525,0.0,-0.8624000000000525,10090.002799999998,-8.546343479051257e-05,
169,2025-05-17 13:15:00+00:00,2025-05-17 13:20:00+00:00,103070.17,102972.76000000001,sell,0.01,0.01,102972.76000000001,103216.05,-0.9740999999998894,0.0,-0.9740999999998894,10089.028699999999,-9.654110304111012e-05,
170,2025-05-17 13:40:00+00:00,2025-05-17 13:45:00+00:00,102845.49,102702.07,sell,0.01,0.01,102941.25,102702.07,1.4341999999999826,0.0,1.4341999999999826,10090.462899999999,0.00014215441769929575,
171,2025-05-17 14:25:00+00:00,2025-05-17 14:45:00+00:00,102975.81,103122.53,sell,0.01,0.01,102877.85,103122.53,1.4672000000000116,0.0,1.4672000000000116,10091.930099999998,0.00014540462757164606,
172,2025-05-17 16:35:00+00:00,2025-05-17 17:00:00+00:00,102891.88,102987.85,sell,0.01,0.01,102987.85,102748.14,-0.9597000000000117,0.0,-0.9597000000000117,10090.970399999998,-9.509578351122466e-05,
173,2025-05-17 17:15:00+00:00,2025-05-17 17:30:00+00:00,103130.53,103279.14,sell,0.01,0.01,103031.3,103279.14,1.4861000000000057,0.0,1.4861000000000057,10092.456499999998,0.00014727027640473565,
174,2025-05-17 18:55:00+00:00,2025-05-17 19:20:00+00:00,102993.88,103091.49,sell,0.01,0.01,103091.49,102847.68000000001,-0.9761000000000059,0.0,-0.9761000000000059,10091.480399999999,-9.671579956772724e-05,
175,2025-05-17 19:30:00+00:00,2025-05-17 19:40:00+00:00,103048.08,103172.77,sell,0.01,0.01,102964.81,103172.77,1.2469000000000232,0.0,1.2469000000000232,10092.727299999999,0.00012355967118560953,
176,2025-05-17 22:10:00+00:00,2025-05-17 23:05:00+00:00,102999.92,103109.12,sell,0.01,0.01,103109.12,102836.35,-1.091999999999971,0.0,-1.091999999999971,10091.635299999998,-0.00010819672101910166,
177,2025-05-17 23:45:00+00:00,2025-05-18 00:15:00+00:00,103152.53,103272.51000000001,sell,0.01,0.01,103072.40000000001,103272.51000000001,1.1998000000001048,0.0,1.1998000000001048,10092.835099999998,0.0001188905429430357,
178,2025-05-18 03:20:00+00:00,2025-05-18 03:30:00+00:00,103190.38,103244.28,sell,0.01,0.01,103244.28,103109.77,-0.5389999999999419,0.0,-0.5389999999999419,10092.296099999998,-5.3404221376800455e-05,
179,2025-05-18 03:55:00+00:00,2025-05-18 04:30:00+00:00,103260.95,103337.49,sell,0.01,0.01,103209.77,103337.49,0.7654000000000815,0.0,0.7654000000000815,10093.061499999998,7.584002613637958e-05,
180,2025-05-18 10:40:00+00:00,2025-05-18 11:00:00+00:00,103842.53,103895.23,sell,0.01,0.01,103895.23,103763.72,-0.5269999999999709,0.0,-0.5269999999999709,10092.534499999998,-5.2214087866201055e-05,
181,2025-05-18 12:45:00+00:00,2025-05-18 12:55:00+00:00,103865.86,103929.41,sell,0.01,0.01,103823.35,103929.41,0.6355000000000292,0.0,0.6355000000000292,10093.169999999998,6.296733491473616e-05,
182,2025-05-18 17:50:00+00:00,2025-05-18 17:55:00+00:00,105260.78,104929.74,sell,0.01,0.01,105481.63,104929.74,3.310399999999936,0.0,3.310399999999936,10096.480399999999,0.000327984171474367,
183,2025-05-18 21:30:00+00:00,2025-05-18 21:40:00+00:00,104302.12,104588.89,sell,0.01,0.01,104110.8,104588.89,2.867700000000041,0.0,2.867700000000041,10099.3481,0.0002840296703790007,
184,2025-05-18 22:15:00+00:00,2025-05-18 22:20:00+00:00,104089.03,104300.55,sell,0.01,0.01,104300.55,103771.98,-2.1152000000000406,0.0,-2.1152000000000406,10097.232899999999,-0.00020943926073803128,
185,2025-05-18 22:20:00+00:00,2025-05-18 22:20:00+00:00,104221.31,104574.25,sell,0.01,0.01,103985.87,104574.25,3.5294000000000234,0.0,3.5294000000000234,10100.762299999999,0.0003495413084905691,
186,2025-05-19 01:05:00+00:00,2025-05-19 01:15:00+00:00,105260.78,104780.11,sell,0.01,0.01,105581.38,104780.11,4.806699999999982,0.0,4.806699999999982,10105.568999999998,0.00047587497430763055,
187,2025-05-19 07:40:00+00:00,2025-05-19 07:45:00+00:00,102957.23,103272.45,sell,0.01,0.01,102746.94,103272.45,3.1522000000000117,0.0,3.1522000000000117,10108.721199999998,0.0003119270176671905,
188,2025-05-19 10:10:00+00:00,2025-05-19 10:20:00+00:00,102895.61,103039.75,sell,0.01,0.01,103039.75,102679.63,-1.4413999999999942,0.0,-1.4413999999999942,10107.279799999998,-0.00014258974715812664,
189,2025-05-19 13:45:00+00:00,2025-05-19 13:50:00+00:00,103032.56,103317.93000000001,sell,0.01,0.01,102842.16,103317.93000000001,2.853700000000099,0.0,2.853700000000099,10110.133499999998,0.000282341050853277,
190,2025-05-19 18:45:00+00:00,2025-05-19 19:00:00+00:00,104956.44,104633.86,sell,0.01,0.01,105171.65000000001,104633.86,3.2258000000000173,0.0,3.2258000000000173,10113.359299999998,0.0003190660143112866,
191,2025-05-19 19:40:00+00:00,2025-05-19 20:05:00+00:00,105422.14,105725.23,sell,0.01,0.01,105219.92,105725.23,3.0308999999999653,0.0,3.0308999999999653,10116.390199999998,0.000299692704480495,
192,2025-05-19 21:40:00+00:00,2025-05-19 21:45:00+00:00,105194.74,105357.05,sell,0.01,0.01,105357.05,104951.51000000001,-1.6230999999999767,0.0,-1.6230999999999767,10114.767099999997,-0.00016044260530796616,
193,2025-05-19 21:55:00+00:00,2025-05-19 22:20:00+00:00,105350.59,105196.46,sell,0.01,0.01,105196.46,105581.58,-1.541299999999901,0.0,-1.541299999999901,10113.225799999997,-0.00015238116555347096,
194,2025-05-19 22:30:00+00:00,2025-05-19 22:40:00+00:00,105207.58,105354.14,sell,0.01,0.01,105354.14,104987.98,-1.4655999999999767,0.0,-1.4655999999999767,10111.760199999997,-0.00014491914142765182,
195,2025-05-19 22:55:00+00:00,2025-05-19 23:05:00+00:00,105578.3,105782.15000000001,sell,0.01,0.01,105442.24,105782.15000000001,2.038500000000058,0.0,2.038500000000058,10113.798699999998,0.00020159694847194444,
196,2025-05-20 03:05:00+00:00,2025-05-20 03:30:00+00:00,106097.38,105752.78,sell,0.01,0.01,106327.27,105752.78,3.4460000000000583,0.0,3.4460000000000583,10117.244699999997,0.00034072262086846353,
197,2025-05-20 05:05:00+00:00,2025-05-20 05:10:00+00:00,106099.41,106354.04000000001,sell,0.01,0.01,105929.5,106354.04000000001,2.5463000000000466,0.0,2.5463000000000466,10119.790999999997,0.0002516791948305893,
198,2025-05-20 06:20:00+00:00,2025-05-20 06:25:00+00:00,105690.69,105481.72,sell,0.01,0.01,105830.16,105481.72,2.0897000000000117,0.0,2.0897000000000117,10121.880699999998,0.00020649635946038927,
199,2025-05-20 09:40:00+00:00,2025-05-20 10:10:00+00:00,105352.86,105249.72,sell,0.01,0.01,105249.72,105507.33,-1.031399999999994,0.0,-1.031399999999994,10120.849299999998,-0.0001018980593201414,
200,2025-05-20 10:35:00+00:00,2025-05-20 11:15:00+00:00,105103.36,104942.01000000001,sell,0.01,0.01,105211.09,104942.01000000001,1.6134999999999127,0.0,1.6134999999999127,10122.462799999998,0.00015942337961695694,
201,2025-05-20 11:45:00+00:00,2025-05-20 11:50:00+00:00,105329.64,105225.8,sell,0.01,0.01,105225.8,105485.18000000001,-1.0383999999999651,0.0,-1.0383999999999651,10121.424399999998,-0.0001025837309078543,
202,2025-05-20 12:05:00+00:00,2025-05-20 12:20:00+00:00,105090.82,104947.51000000001,sell,0.01,0.01,105186.52,104947.51000000001,1.4330999999999767,0.0,1.4330999999999767,10122.857499999998,0.00014159074289978168,
203,2025-05-20 15:25:00+00:00,2025-05-20 15:25:00+00:00,104664.44,104966.53,sell,0.01,0.01,104462.89,104966.53,3.020899999999965,0.0,3.020899999999965,10125.878399999998,0.000298423641743447,
204,2025-05-20 18:55:00+00:00,2025-05-20 19:10:00+00:00,105566.81,105799.63,sell,0.01,0.01,105799.63,105217.81,-2.32820000000007,0.0,-2.32820000000007,10123.550199999998,-0.00022992573167776443,
205,2025-05-20 19:20:00+00:00,2025-05-20 19:25:00+00:00,105995.12,106363.23,sell,0.01,0.01,105749.57,106363.23,3.681100000000006,0.0,3.681100000000006,10127.231299999998,0.0003636174985332721,
206,2025-05-20 22:15:00+00:00,2025-05-20 22:20:00+00:00,106326.6,105946.18000000001,sell,0.01,0.01,106580.37,105946.18000000001,3.8041999999999825,0.0,3.8041999999999825,10131.035499999998,0.00037564067486046097,
207,2025-05-20 23:05:00+00:00,2025-05-20 23:15:00+00:00,106769.61,107108.37,sell,0.01,0.01,106543.61,107108.37,3.3875999999999475,0.0,3.3875999999999475,10134.423099999998,0.00033437845519344476,
208,2025-05-21 01:55:00+00:00,2025-05-21 02:00:00+00:00,106686.66,106414.32,sell,0.01,0.01,106868.38,106414.32,2.723399999999965,0.0,2.723399999999965,10137.146499999999,0.0002687276792302036,
209,2025-05-21 02:50:00+00:00,2025-05-21 03:25:00+00:00,106740.11,107020.86,sell,0.01,0.01,106552.78,107020.86,2.8075,0.0,2.8075,10139.954,0.0002769517043085054,
210,2025-05-21 07:25:00+00:00,2025-05-21 07:35:00+00:00,106836.16,106490.28,sell,0.01,0.01,107066.89,106490.28,3.4588000000000467,0.0,3.4588000000000467,10143.4128,0.0003411060839132058,
211,2025-05-21 11:15:00+00:00,2025-05-21 11:15:00+00:00,106500.91,106707.45,sell,0.01,0.01,106363.06,106707.45,2.065399999999936,0.0,2.065399999999936,10145.4782,0.0002036198309902103,
212,2025-05-21 13:20:00+00:00,2025-05-21 13:30:00+00:00,106392.75,106517.14,sell,0.01,0.01,106517.14,106206.40000000001,-1.2438999999999942,0.0,-1.2438999999999942,10144.2343,-0.00012260634496262526,
213,2025-05-21 13:35:00+00:00,2025-05-21 13:35:00+00:00,106573.17,106793.7,sell,0.01,0.01,106426.01000000001,106793.7,2.2052999999999883,0.0,2.2052999999999883,10146.4396,0.00021739442670404293,
214,2025-05-21 17:25:00+00:00,2025-05-21 17:25:00+00:00,107979.91,107307.07,sell,0.01,0.01,108428.63,107307.07,6.728399999999965,0.0,6.728399999999965,10153.168,0.0006631291630612935,
215,2025-05-21 19:45:00+00:00,2025-05-21 19:55:00+00:00,108114.31,108751.63,sell,0.01,0.01,107689.27,108751.63,6.37320000000007,0.0,6.37320000000007,10159.5412,0.0006277055594864647,
216,2025-05-22 06:10:00+00:00,2025-05-22 06:25:00+00:00,111048.88,110701.43000000001,sell,0.01,0.01,111280.67,110701.43000000001,3.474499999999971,0.0,3.474499999999971,10163.0157,0.0003419937900345314,
217,2025-05-22 10:00:00+00:00,2025-05-22 10:05:00+00:00,110821.39,110635.78,sell,0.01,0.01,110635.78,111099.57,-1.8561000000000059,0.0,-1.8561000000000059,10161.159599999999,-0.00018263279864853558,
218,2025-05-22 11:25:00+00:00,2025-05-22 11:50:00+00:00,110693.27,110869.81,sell,0.01,0.01,110869.81,110428.68000000001,-1.765399999999936,0.0,-1.765399999999936,10159.394199999999,-0.0001737400129016708,
219,2025-05-22 11:50:00+00:00,2025-05-22 11:50:00+00:00,110834.95,111089.83,sell,0.01,0.01,110664.87,111089.83,2.5488000000000466,0.0,2.5488000000000466,10161.943,0.0002508811007648514,
220,2025-05-22 14:10:00+00:00,2025-05-22 14:25:00+00:00,111019.83,111322.87,sell,0.01,0.01,111322.87,110565.51000000001,-3.0303999999999363,0.0,-3.0303999999999363,10158.9126,-0.00029821068667674447,
221,2025-05-22 15:40:00+00:00,2025-05-22 16:15:00+00:00,111355.76000000001,111760.3,sell,0.01,0.01,111085.92,111760.3,4.045399999999936,0.0,4.045399999999936,10162.957999999999,0.000398211910987396,
222,2025-05-22 19:45:00+00:00,2025-05-22 19:45:00+00:00,111359.2,111033.42,sell,0.01,0.01,111576.55,111033.42,3.2577999999999885,0.0,3.2577999999999885,10166.215799999998,0.00032055627898885236,
223,2025-05-22 22:40:00+00:00,2025-05-22 22:45:00+00:00,111227.36,111090.21,sell,0.01,0.01,111090.21,111432.85,-1.3714999999999418,0.0,-1.3714999999999418,10164.844299999999,-0.00013490762216555958,
224,2025-05-23 01:30:00+00:00,2025-05-23 01:30:00+00:00,111287.67,111455.61,sell,0.01,0.01,111455.61,111036.0,-1.6794000000000233,0.0,-1.6794000000000233,10163.164899999998,-0.00016521650016813573,
225,2025-05-23 02:10:00+00:00,2025-05-23 02:40:00+00:00,111428.67,111281.68000000001,sell,0.01,0.01,111281.68000000001,111648.92,-1.469899999999907,0.0,-1.469899999999907,10161.694999999998,-0.00014463014370650498,
226,2025-05-23 02:45:00+00:00,2025-05-23 03:25:00+00:00,111247.72,111035.12,sell,0.01,0.01,111389.61,111035.12,2.126000000000058,0.0,2.126000000000058,10163.820999999998,0.00020921706467277935,
227,2025-05-23 07:25:00+00:00,2025-05-23 07:40:00+00:00,110809.61,110694.92,sell,0.01,0.01,110694.92,110981.44,-1.1469000000000233,0.0,-1.1469000000000233,10162.674099999998,-0.00011284142056417794,
228,2025-05-23 11:15:00+00:00,2025-05-23 11:20:00+00:00,110994.24,110817.58,sell,0.01,0.01,111112.17,110817.58,1.766600000000035,0.0,1.766600000000035,10164.4407,0.0001738322003260968,
229,2025-05-23 14:05:00+00:00,2025-05-23 14:20:00+00:00,109992.83,109585.89,sell,0.01,0.01,109585.89,110603.02,-4.069400000000023,0.0,-4.069400000000023,10160.371299999999,-0.0004003565095322976,
230,2025-05-23 16:05:00+00:00,2025-05-23 16:15:00+00:00,108911.1,108438.46,sell,0.01,0.01,109226.35,108438.46,4.726399999999995,0.0,4.726399999999995,10165.097699999998,0.0004651798502678731,
231,2025-05-23 17:20:00+00:00,2025-05-23 18:15:00+00:00,109458.41,109151.33,sell,0.01,0.01,109151.33,109918.8,-3.0708000000000175,0.0,-3.0708000000000175,10162.026899999999,-0.00030209252194398663,
232,2025-05-23 18:25:00+00:00,2025-05-23 18:50:00+00:00,109045.36,108670.94,sell,0.01,0.01,109295.13,108670.94,3.7441999999999824,0.0,3.7441999999999824,10165.771099999998,0.0003684501169742016,
233,2025-05-24 01:25:00+00:00,2025-05-24 01:45:00+00:00,107767.14,107547.95,sell,0.01,0.01,107547.95,108095.72,-2.1919000000000235,0.0,-2.1919000000000235,10163.579199999998,-0.00021561571458165372,
234,2025-05-24 06:00:00+00:00,2025-05-24 06:05:00+00:00,108235.6,108332.62,sell,0.01,0.01,108332.62,108090.31,-0.9701999999998953,0.0,-0.9701999999998953,10162.608999999999,-9.545849753400804e-05,
235,2025-05-24 08:55:00+00:00,2025-05-24 10:30:00+00:00,108256.98,108471.75,sell,0.01,0.01,108113.66,108471.75,2.147700000000041,0.0,2.147700000000041,10164.756699999998,0.0002113335266563971,
236,2025-05-24 12:55:00+00:00,2025-05-24 13:15:00+00:00,108827.5,108583.90000000001,sell,0.01,0.01,108990.06,108583.90000000001,2.435999999999913,0.0,2.435999999999913,10167.192699999998,0.00023965157965855823,
237,2025-05-24 14:55:00+00:00,2025-05-24 15:05:00+00:00,108943.39,109139.38,sell,0.01,0.01,108812.59,109139.38,1.9599000000000524,0.0,1.9599000000000524,10169.152599999998,0.0001927670752222541,
238,2025-05-24 16:15:00+00:00,2025-05-24 16:20:00+00:00,108739.91,108865.5,sell,0.01,0.01,108865.5,108551.76000000001,-1.2558999999999652,0.0,-1.2558999999999652,10167.896699999998,-0.0001235009493318023,
239,2025-05-24 16:20:00+00:00,2025-05-24 16:45:00+00:00,108814.3,108997.24,sell,0.01,0.01,108692.18000000001,108997.24,1.8294000000000232,0.0,1.8294000000000232,10169.726099999998,0.0001799192157410513,
240,2025-05-24 16:25:00+00:00,2025-05-24 16:45:00+00:00,108870.56,108995.54000000001,sell,0.01,0.01,108995.54000000001,108683.32,-1.2498000000001048,0.0,-1.2498000000001048,10168.476299999998,-0.0001228941652617473,
241,2025-05-24 16:45:00+00:00,2025-05-24 16:45:00+00:00,108860.08,109051.2,sell,0.01,0.01,108732.52,109051.2,1.9111999999999534,0.0,1.9111999999999534,10170.387499999999,0.00018795343015157086,
242,2025-05-24 18:50:00+00:00,2025-05-24 19:00:00+00:00,108808.13,108900.76000000001,sell,0.01,0.01,108900.76000000001,108669.40000000001,-0.9263000000000465,0.0,-0.9263000000000465,10169.4612,-9.107814230284212e-05,
243,2025-05-24 20:20:00+00:00,2025-05-24 20:30:00+00:00,108954.64,109086.75,sell,0.01,0.01,108866.41,109086.75,1.321100000000006,0.0,1.321100000000006,10170.782299999999,0.00012990855405397545,
244,2025-05-24 21:00:00+00:00,2025-05-24 21:05:00+00:00,108863.55,108753.55,sell,0.01,0.01,108937.02,108753.55,1.1,0.0,1.1,10171.8823,0.00010815293922867666,
245,2025-05-25 02:45:00+00:00,2025-05-25 02:55:00+00:00,107724.08,107993.0,sell,0.01,0.01,107544.64,107993.0,2.6891999999999827,0.0,2.6891999999999827,10174.5715,0.0002643758471330309,
246,2025-05-25 05:45:00+00:00,2025-05-25 05:55:00+00:00,108019.91,108101.97,sell,0.01,0.01,108101.97,107897.03,-0.8205999999999767,0.0,-0.8205999999999767,10173.750900000001,-8.065204515000721e-05,
247,2025-05-25 11:50:00+00:00,2025-05-25 12:10:00+00:00,107215.01000000001,107433.63,sell,0.01,0.01,107069.12,107433.63,2.1861999999999533,0.0,2.1861999999999533,10175.937100000001,0.00021488633066492252,
248,2025-05-25 14:50:00+00:00,2025-05-25 15:00:00+00:00,107274.63,107414.16,sell,0.01,0.01,107414.16,107065.55,-1.3952999999999884,0.0,-1.3952999999999884,10174.5418,-0.00013711759283574859,
249,2025-05-25 17:10:00+00:00,2025-05-25 18:20:00+00:00,107227.36,107449.26000000001,sell,0.01,0.01,107079.27,107449.26000000001,2.2190000000000873,0.0,2.2190000000000873,10176.760800000002,0.0002180933592508399,
250,2025-05-25 21:40:00+00:00,2025-05-25 21:45:00+00:00,107422.27,107541.15000000001,sell,0.01,0.01,107541.15000000001,107244.16,-1.1888000000000465,0.0,-1.1888000000000465,10175.572000000002,-0.00011681516578438654,
251,2025-05-25 22:05:00+00:00,2025-05-25 22:05:00+00:00,107657.06,107943.75,sell,0.01,0.01,107465.79000000001,107943.75,2.8669000000000233,0.0,2.8669000000000233,10178.438900000003,0.00028174337521271755,
252,2025-05-26 05:10:00+00:00,2025-05-26 05:25:00+00:00,109474.69,109583.77,sell,0.01,0.01,109583.77,109311.29000000001,-1.0908000000000175,0.0,-1.0908000000000175,10177.348100000003,-0.00010716771115067726,
253,2025-05-26 05:35:00+00:00,2025-05-26 06:20:00+00:00,109591.64,109750.29000000001,sell,0.01,0.01,109485.73,109750.29000000001,1.5865000000000873,0.0,1.5865000000000873,10178.934600000002,0.0001558854020135252,
254,2025-05-26 08:45:00+00:00,2025-05-26 09:15:00+00:00,109716.45,109853.53,sell,0.01,0.01,109853.53,109511.07,-1.3708000000000176,0.0,-1.3708000000000176,10177.563800000002,-0.00013467028268361378,
255,2025-05-26 09:25:00+00:00,2025-05-26 09:40:00+00:00,109924.61,109797.95,sell,0.01,0.01,109797.95,110114.39,-1.266600000000035,0.0,-1.266600000000035,10176.2972,-0.0001244502146967661,
256,2025-05-26 09:45:00+00:00,2025-05-26 10:05:00+00:00,109689.36,109815.01000000001,sell,0.01,0.01,109815.01000000001,109501.13,-1.2565000000000874,0.0,-1.2565000000000874,10175.040700000001,-0.00012347320202087724,
257,2025-05-26 12:00:00+00:00,2025-05-26 12:45:00+00:00,109772.81,109669.08,sell,0.01,0.01,109669.08,109928.2,-1.0372999999999593,0.0,-1.0372999999999593,10174.003400000001,-0.00010194553816378928,
258,2025-05-26 12:25:00+00:00,2025-05-26 12:50:00+00:00,109727.17,109836.96,sell,0.01,0.01,109836.96,109562.72,-1.0979000000000816,0.0,-1.0979000000000816,10172.9055,-0.00010791228947299953,
259,2025-05-26 12:30:00+00:00,2025-05-26 12:50:00+00:00,109744.01000000001,109902.85,sell,0.01,0.01,109637.97,109902.85,1.5883999999999652,0.0,1.5883999999999652,10174.493900000001,0.00015614024921395024,
260,2025-05-26 12:50:00+00:00,2025-05-26 12:50:00+00:00,109694.17,109874.16,sell,0.01,0.01,109574.04000000001,109874.16,1.7999000000000525,0.0,1.7999000000000525,10176.293800000001,0.00017690314797869723,
261,2025-05-26 14:00:00+00:00,2025-05-26 15:20:00+00:00,109595.55,109740.81,sell,0.01,0.01,109740.81,109377.89,-1.4525999999999477,0.0,-1.4525999999999477,10174.8412,-0.00014274352023916089,
262,2025-05-26 15:30:00+00:00,2025-05-26 15:30:00+00:00,109874.16,110116.53,sell,0.01,0.01,109712.42,110116.53,2.4236999999999536,0.0,2.4236999999999536,10177.2649,0.00023820519184122041,
263,2025-05-26 16:30:00+00:00,2025-05-26 16:40:00+00:00,109331.82,109589.3,sell,0.01,0.01,109589.3,108945.84,-2.5747999999999593,0.0,-2.5747999999999593,10174.6901,-0.0002529952816694355,
264,2025-05-26 20:25:00+00:00,2025-05-26 20:35:00+00:00,109238.17,109461.51000000001,sell,0.01,0.01,109089.12,109461.51000000001,2.2334000000001106,0.0,2.2334000000001106,10176.9235,0.00021950545697702484,
265,2025-05-26 23:00:00+00:00,2025-05-26 23:05:00+00:00,109190.38,109332.5,sell,0.01,0.01,109332.5,108977.43000000001,-1.4211999999999534,0.0,-1.4211999999999534,10175.5023,-0.00013964927612946618,
266,2025-05-26 23:55:00+00:00,2025-05-27 00:15:00+00:00,109409.19,109593.55,sell,0.01,0.01,109286.12,109593.55,1.843600000000006,0.0,1.843600000000006,10177.3459,0.00018118024502829762,
267,2025-05-27 00:45:00+00:00,2025-05-27 01:00:00+00:00,109261.91,109084.53,sell,0.01,0.01,109380.32,109084.53,1.7738000000000467,0.0,1.7738000000000467,10179.119700000001,0.00017428905506690568,
268,2025-05-27 03:25:00+00:00,2025-05-27 04:45:00+00:00,108939.11,109299.56,sell,0.01,0.01,108698.65000000001,109299.56,3.604499999999971,0.0,3.604499999999971,10182.7242,0.00035410724170970996,
269,2025-05-27 05:25:00+00:00,2025-05-27 05:45:00+00:00,108681.67,108848.53,sell,0.01,0.01,108848.53,108431.61,-1.6686000000000059,0.0,-1.6686000000000059,10181.0556,-0.00016386577572237554,
270,2025-05-27 06:00:00+00:00,2025-05-27 06:05:00+00:00,108923.45,109149.14,sell,0.01,0.01,108772.83,109149.14,2.2569000000000234,0.0,2.2569000000000234,10183.3125,0.0002216764242010449,
271,2025-05-27 11:15:00+00:00,2025-05-27 11:15:00+00:00,109634.24,109488.99,sell,0.01,0.01,109731.23,109488.99,1.4525000000000001,0.0,1.4525000000000001,10184.765,0.0001426353163570302,
272,2025-05-27 12:20:00+00:00,2025-05-27 12:20:00+00:00,109641.86,109798.84,sell,0.01,0.01,109537.05,109798.84,1.5697999999999592,0.0,1.5697999999999592,10186.334799999999,0.0001541321768347094,
273,2025-05-27 12:50:00+00:00,2025-05-27 13:05:00+00:00,109550.91,109655.24,sell,0.01,0.01,109655.24,109394.66,-1.0433000000000174,0.0,-1.0433000000000174,10185.2915,-0.00010242153046059487,
274,2025-05-27 13:10:00+00:00,2025-05-27 13:10:00+00:00,110163.47,110404.76000000001,sell,0.01,0.01,110002.45,110404.76000000001,2.4129000000000818,0.0,2.4129000000000818,10187.704399999999,0.00023690043628109042,
275,2025-05-27 14:35:00+00:00,2025-05-27 14:40:00+00:00,109209.45,109532.69,sell,0.01,0.01,109532.69,108724.83,-3.2324000000000526,0.0,-3.2324000000000526,10184.471999999998,-0.00031728443161347053,
276,2025-05-27 15:45:00+00:00,2025-05-27 16:35:00+00:00,110002.08,110441.61,sell,0.01,0.01,109708.92,110441.61,4.395299999999988,0.0,4.395299999999988,10188.867299999998,0.00043156876468411807,
277,2025-05-27 18:35:00+00:00,2025-05-27 18:55:00+00:00,110078.07,109829.58,sell,0.01,0.01,110243.89,109829.58,2.4849000000000525,0.0,2.4849000000000525,10191.352199999998,0.00024388383191525646,
278,2025-05-28 00:55:00+00:00,2025-05-28 01:00:00+00:00,109043.56,109263.36,sell,0.01,0.01,108896.89,109263.36,2.1980000000000293,0.0,2.1980000000000293,10193.550199999998,0.00021567304876383625,
279,2025-05-28 01:25:00+00:00,2025-05-28 01:55:00+00:00,108886.31,108673.96,sell,0.01,0.01,109028.04000000001,108673.96,2.123499999999913,0.0,2.123499999999913,10195.673699999998,0.00020831800092571413,
280,2025-05-28 03:50:00+00:00,2025-05-28 04:20:00+00:00,108842.23,108722.16,sell,0.01,0.01,108722.16,109022.13,-1.2006999999999244,0.0,-1.2006999999999244,10194.472999999998,-0.00011776563622273677,
281,2025-05-28 04:20:00+00:00,2025-05-28 04:25:00+00:00,108826.71,108655.35,sell,0.01,0.01,108941.11,108655.35,1.7136000000000058,0.0,1.7136000000000058,10196.186599999997,0.00016809108229527963,
282,2025-05-28 04:35:00+00:00,2025-05-28 04:35:00+00:00,108738.08,108925.29000000001,sell,0.01,0.01,108613.13,108925.29000000001,1.872100000000064,0.0,1.872100000000064,10198.058699999998,0.0001836078598247765,
283,2025-05-28 06:20:00+00:00,2025-05-28 07:05:00+00:00,108765.56,108868.82,sell,0.01,0.01,108868.82,108610.90000000001,-1.0326000000000932,0.0,-1.0326000000000932,10197.026099999997,-0.00010125456524388249,
284,2025-05-28 07:20:00+00:00,2025-05-28 07:55:00+00:00,108941.37,108841.77,sell,0.01,0.01,108841.77,109090.56,-0.9959999999999127,0.0,-0.9959999999999127,10196.030099999998,-9.767553698817276e-05,
285,2025-05-28 08:10:00+00:00,2025-05-28 08:10:00+00:00,108877.91,108731.1,sell,0.01,0.01,108975.94,108731.1,1.4680999999999766,0.0,1.4680999999999766,10197.498199999998,0.0001439874132972574,
286,2025-05-28 08:40:00+00:00,2025-05-28 09:05:00+00:00,109036.09,108914.62,sell,0.01,0.01,108914.62,109218.08,-1.2147000000000117,0.0,-1.2147000000000117,10196.283499999998,-0.00011911745176871047,
287,2025-05-28 09:20:00+00:00,2025-05-28 09:25:00+00:00,108785.91,108595.92,sell,0.01,0.01,108912.71,108595.92,1.8999000000000523,0.0,1.8999000000000523,10198.183399999998,0.0001863325985394632,
289,2025-05-28 11:35:00+00:00,2025-05-28 11:45:00+00:00,108744.11,108856.8,sell,0.01,0.01,108856.8,108575.31,-1.1269000000000233,0.0,-1.1269000000000233,10197.056499999999,-0.00011050007200302198,
290,2025-05-28 11:50:00+00:00,2025-05-28 12:15:00+00:00,108842.16,108996.67,sell,0.01,0.01,108739.0,108996.67,1.5450999999999477,0.0,1.5450999999999477,10198.601599999998,0.00015152411874936144,
288,2025-05-28 11:00:00+00:00,2025-05-28 12:20:00+00:00,108829.08,109033.14,sell,0.01,0.01,108692.90000000001,109033.14,2.040599999999977,0.0,2.040599999999977,10200.642199999998,0.00020008625496263893,
291,2025-05-28 13:25:00+00:00,2025-05-28 13:30:00+00:00,108739.91,108851.29000000001,sell,0.01,0.01,108851.29000000001,108573.08,-1.1138000000000465,0.0,-1.1138000000000465,10199.5284,-0.0001091892037934677,
292,2025-05-28 13:30:00+00:00,2025-05-28 13:30:00+00:00,108722.53,108912.41,sell,0.01,0.01,108595.8,108912.41,1.8988000000000467,0.0,1.8988000000000467,10201.4272,0.00018616547016037005,
293,2025-05-28 13:35:00+00:00,2025-05-28 13:35:00+00:00,108956.44,108742.05,sell,0.01,0.01,109099.53,108742.05,2.143899999999994,0.0,2.143899999999994,10203.5711,0.0002101568690310307,
294,2025-05-28 17:15:00+00:00,2025-05-28 17:35:00+00:00,107650.06,107468.02,sell,0.01,0.01,107468.02,107922.91,-1.820399999999936,0.0,-1.820399999999936,10201.750699999999,-0.00017840812615104297,
295,2025-05-28 19:35:00+00:00,2025-05-28 19:40:00+00:00,107454.46,107227.19,sell,0.01,0.01,107606.13,107227.19,2.272700000000041,0.0,2.272700000000041,10204.023399999998,0.00022277548891682297,
296,2025-05-28 21:35:00+00:00,2025-05-28 22:05:00+00:00,107435.61,107317.16,sell,0.01,0.01,107317.16,107613.04000000001,-1.184499999999971,0.0,-1.184499999999971,10202.838899999999,-0.00011608166245482848,
297,2025-05-28 22:25:00+00:00,2025-05-28 22:45:00+00:00,107248.6,107352.1,sell,0.01,0.01,107352.1,107093.58,-1.035,0.0,-1.035,10201.803899999999,-0.00010144235444117421,
298,2025-05-28 22:50:00+00:00,2025-05-28 23:00:00+00:00,107379.28,107540.26000000001,sell,0.01,0.01,107271.8,107540.26000000001,1.6098000000001047,0.0,1.6098000000001047,10203.4137,0.00015779562279177948,
299,2025-05-29 03:50:00+00:00,2025-05-29 04:15:00+00:00,107999.34,107795.57,sell,0.01,0.01,108135.34,107795.57,2.0376999999998953,0.0,2.0376999999998953,10205.4514,0.0001997076723449815,
300,2025-05-29 06:30:00+00:00,2025-05-29 06:50:00+00:00,107936.14,107830.54000000001,sell,0.01,0.01,107830.54000000001,108094.33,-1.0559999999999128,0.0,-1.0559999999999128,10204.3954,-0.0001034741099252026,
301,2025-05-29 12:40:00+00:00,2025-05-29 12:40:00+00:00,108613.77,108418.76000000001,sell,0.01,0.01,108743.94,108418.76000000001,1.9500999999999478,0.0,1.9500999999999478,10206.3455,0.00019110392370722402,
302,2025-05-29 21:05:00+00:00,2025-05-29 22:40:00+00:00,106262.47,106087.85,sell,0.01,0.01,106087.85,106524.17,-1.7461999999999536,0.0,-1.7461999999999536,10204.5993,-0.0001710896422230615,
303,2025-05-29 22:50:00+00:00,2025-05-29 22:55:00+00:00,106135.41,105940.85,sell,0.01,0.01,106265.28,105940.85,1.9455999999999767,0.0,1.9455999999999767,10206.544899999999,0.00019065912759553202,
304,2025-05-30 02:00:00+00:00,2025-05-30 02:10:00+00:00,105666.75,106021.27,sell,0.01,0.01,105430.26000000001,106021.27,3.5452000000000408,0.0,3.5452000000000408,10210.0901,0.000347345750666324,
305,2025-05-30 06:20:00+00:00,2025-05-30 06:35:00+00:00,106028.32,105892.01000000001,sell,0.01,0.01,106119.35,105892.01000000001,1.3630999999999767,0.0,1.3630999999999767,10211.4532,0.00013350518816675054,
306,2025-05-30 10:05:00+00:00,2025-05-30 10:10:00+00:00,105546.89,105321.73,sell,0.01,0.01,105321.73,105884.39,-2.251600000000035,0.0,-2.251600000000035,10209.2016,-0.00022049750960030203,
307,2025-05-30 12:25:00+00:00,2025-05-30 12:25:00+00:00,105349.09,105543.29000000001,sell,0.01,0.01,105543.29000000001,105058.03,-1.9420000000001165,0.0,-1.9420000000001165,10207.2596,-0.00019022055554276804,
308,2025-05-30 12:40:00+00:00,2025-05-30 13:15:00+00:00,105739.66,105535.63,sell,0.01,0.01,105535.63,106045.46,-2.0402999999999882,0.0,-2.0402999999999882,10205.219299999999,-0.0001998871469870315,
309,2025-05-30 13:15:00+00:00,2025-05-30 13:40:00+00:00,105628.69,105815.04000000001,sell,0.01,0.01,105815.04000000001,105349.38,-1.8635000000000583,0.0,-1.8635000000000583,10203.3558,-0.00018260264137587504,
310,2025-05-30 15:30:00+00:00,2025-05-30 15:35:00+00:00,105750.05,105526.64,sell,0.01,0.01,105526.64,106084.92,-2.234100000000035,0.0,-2.234100000000035,10201.1217,-0.00021895737478840394,
311,2025-05-30 16:00:00+00:00,2025-05-30 16:15:00+00:00,105542.91,105232.65000000001,sell,0.01,0.01,105749.91,105232.65000000001,3.102599999999948,0.0,3.102599999999948,10204.2243,0.00030414302380099513,
312,2025-05-30 18:45:00+00:00,2025-05-30 19:00:00+00:00,104679.28,104983.69,sell,0.01,0.01,104476.2,104983.69,3.044100000000035,0.0,3.044100000000035,10207.268399999999,0.0002983176291019039,
313,2025-05-30 20:30:00+00:00,2025-05-30 20:40:00+00:00,104443.11,104595.37,sell,0.01,0.01,104595.37,104214.95,-1.5225999999999476,0.0,-1.5225999999999476,10205.745799999999,-0.00014916821428933403,
314,2025-05-30 20:40:00+00:00,2025-05-30 20:45:00+00:00,104557.72,104787.15000000001,sell,0.01,0.01,104404.63,104787.15000000001,2.2943000000000757,0.0,2.2943000000000757,10208.040099999998,0.00022480473695514502,
315,2025-05-30 21:55:00+00:00,2025-05-30 22:05:00+00:00,104666.57,104492.31,sell,0.01,0.01,104782.90000000001,104492.31,1.7426000000000932,0.0,1.7426000000000932,10209.782699999998,0.0001707085770558536,
316,2025-05-31 04:20:00+00:00,2025-05-31 05:00:00+00:00,103618.89,103884.31,sell,0.01,0.01,103441.8,103884.31,2.6541999999999826,0.0,2.6541999999999826,10212.436899999999,0.00025996635560127866,
317,2025-05-31 07:35:00+00:00,2025-05-31 07:45:00+00:00,103784.74,103679.96,sell,0.01,0.01,103854.75,103679.96,1.0477999999999883,0.0,1.0477999999999883,10213.484699999999,0.00010260038913924535,
318,2025-05-31 07:50:00+00:00,2025-05-31 07:50:00+00:00,103668.25,103779.86,sell,0.01,0.01,103593.7,103779.86,1.1161000000000059,0.0,1.1161000000000059,10214.600799999998,0.00010927710108578378,
319,2025-05-31 08:10:00+00:00,2025-05-31 08:15:00+00:00,103715.07,103596.55,sell,0.01,0.01,103794.24,103596.55,1.1852000000000407,0.0,1.1852000000000407,10215.785999999998,0.00011602998719245503,
320,2025-05-31 12:05:00+00:00,2025-05-31 12:05:00+00:00,103547.26000000001,103666.35,sell,0.01,0.01,103467.72,103666.35,1.1908999999999652,0.0,1.1908999999999652,10216.976899999998,0.0001165744858006976,
321,2025-05-31 17:05:00+00:00,2025-05-31 17:10:00+00:00,104411.91,104531.49,sell,0.01,0.01,104531.49,104232.78,-1.1958000000000175,0.0,-1.1958000000000175,10215.781099999998,-0.00011704049169378251,
322,2025-05-31 19:10:00+00:00,2025-05-31 19:10:00+00:00,104694.67,104607.78,sell,0.01,0.01,104607.78,104824.79000000001,-0.8688999999999942,0.0,-0.8688999999999942,10214.912199999999,-8.505468074291396e-05,
323,2025-05-31 22:45:00+00:00,2025-05-31 22:55:00+00:00,104723.33,104622.82,sell,0.01,0.01,104790.5,104622.82,1.0050999999999477,0.0,1.0050999999999477,10215.9173,9.83953635940158e-05,
