datetime,open,high,low,close,volume,spread,real_volume
2025-09-26 08:45:00+00:00,24379.05,24383.95,24379.05,24380.55,384,150,0
2025-09-26 08:50:00+00:00,24380.65,24385.25,24371.55,24384.65,526,160,0
2025-09-26 08:55:00+00:00,24384.75,24387.85,24383.55,24385.85,495,150,0
2025-09-26 09:00:00+00:00,24386.35,24397.05,24381.35,24394.35,619,150,0
2025-09-26 09:05:00+00:00,24394.25,24412.15,24394.25,24411.65,723,170,0
2025-09-26 09:10:00+00:00,24412.05,24428.25,24408.75,24428.25,699,180,0
2025-09-26 09:15:00+00:00,24428.75,24434.35,24425.35,24432.75,791,190,0
2025-09-26 09:20:00+00:00,24432.85,24441.25,24430.65,24434.15,735,180,0
2025-09-26 09:25:00+00:00,24433.65,24440.05,24431.25,24434.75,665,180,0
2025-09-26 09:30:00+00:00,24433.45,24434.95,24423.15,24426.15,748,180,0
2025-09-26 09:35:00+00:00,24425.95,24426.15,24414.75,24419.95,518,170,0
2025-09-26 09:40:00+00:00,24420.05,24425.25,24417.15,24421.25,441,170,0
2025-09-26 09:45:00+00:00,24421.45,24423.15,24417.95,24423.05,374,160,0
2025-09-26 09:50:00+00:00,24422.75,24427.25,24411.75,24416.25,436,160,0
2025-09-26 09:55:00+00:00,24416.45,24424.15,24410.55,24419.45,436,180,0
2025-09-26 10:00:00+00:00,24419.15,24423.65,24408.15,24417.85,963,180,0
2025-09-26 10:05:00+00:00,24417.95,24432.15,24413.85,24426.75,865,190,0
2025-09-26 10:10:00+00:00,24426.45,24429.35,24418.05,24427.35,725,180,0
2025-09-26 10:15:00+00:00,24427.15,24427.15,24404.15,24404.85,787,190,0
2025-09-26 10:20:00+00:00,24404.75,24416.55,24399.55,24416.55,642,180,0
2025-09-26 10:25:00+00:00,24416.65,24440.55,24416.55,24439.65,759,180,0
2025-09-26 10:30:00+00:00,24439.85,24441.15,24426.85,24433.75,703,180,0
2025-09-26 10:35:00+00:00,24433.85,24433.85,24420.75,24425.45,582,180,0
2025-09-26 10:40:00+00:00,24425.25,24432.05,24418.45,24427.85,591,170,0
2025-09-26 10:45:00+00:00,24427.75,24434.55,24426.95,24428.45,557,170,0
2025-09-26 10:50:00+00:00,24428.75,24430.05,24418.15,24418.95,512,170,0
2025-09-26 10:55:00+00:00,24418.65,24418.65,24404.25,24416.45,574,170,0
2025-09-26 11:00:00+00:00,24416.55,24421.85,24408.85,24419.65,777,180,0
2025-09-26 11:05:00+00:00,24419.55,24423.95,24413.25,24422.15,633,180,0
2025-09-26 11:10:00+00:00,24421.95,24425.95,24416.75,24422.55,554,170,0
2025-09-26 11:15:00+00:00,24423.05,24429.45,24419.05,24422.15,566,170,0
2025-09-26 11:20:00+00:00,24422.05,24424.25,24413.55,24414.65,554,170,0
2025-09-26 11:25:00+00:00,24414.25,24416.65,24400.15,24407.25,621,170,0
2025-09-26 11:30:00+00:00,24407.75,24411.15,24403.75,24407.45,512,180,0
2025-09-26 11:35:00+00:00,24407.55,24408.15,24398.05,24401.45,586,170,0
2025-09-26 11:40:00+00:00,24401.65,24406.75,24389.45,24391.15,621,180,0
2025-09-26 11:45:00+00:00,24391.45,24393.25,24362.35,24362.35,865,180,0
2025-09-26 11:50:00+00:00,24362.05,24370.25,24358.55,24368.75,686,190,0
2025-09-26 11:55:00+00:00,24368.65,24371.75,24354.95,24355.35,678,190,0
2025-09-26 12:00:00+00:00,24355.75,24356.85,24340.05,24341.85,852,190,0
2025-09-26 12:05:00+00:00,24342.05,24367.05,24341.35,24362.85,851,200,0
2025-09-26 12:10:00+00:00,24362.55,24383.85,24358.95,24383.25,760,190,0
2025-09-26 12:15:00+00:00,24383.35,24385.25,24371.25,24376.65,711,190,0
2025-09-26 12:20:00+00:00,24374.85,24381.45,24361.45,24364.65,603,180,0
2025-09-26 12:25:00+00:00,24364.45,24366.25,24359.15,24361.45,601,180,0
2025-09-26 12:30:00+00:00,24360.95,24374.75,24360.95,24372.35,585,180,0
2025-09-26 12:35:00+00:00,24372.45,24375.25,24368.15,24372.55,426,170,0
2025-09-26 12:40:00+00:00,24369.45,24373.95,24364.15,24373.95,439,180,0
2025-09-26 12:45:00+00:00,24374.15,24382.25,24371.65,24381.35,540,170,0
2025-09-26 12:50:00+00:00,24381.55,24389.75,24381.45,24386.75,586,170,0
2025-09-26 12:55:00+00:00,24386.45,24389.65,24383.85,24386.25,491,160,0
2025-09-26 13:00:00+00:00,24387.05,24397.55,24376.85,24377.35,653,160,0
2025-09-26 13:05:00+00:00,24377.45,24381.85,24361.15,24362.65,627,180,0
2025-09-26 13:10:00+00:00,24362.75,24375.95,24359.95,24372.65,537,180,0
2025-09-26 13:15:00+00:00,24372.45,24376.55,24369.35,24372.45,438,170,0
2025-09-26 13:20:00+00:00,24373.25,24375.25,24365.95,24366.65,478,170,0
2025-09-26 13:25:00+00:00,24366.55,24375.75,24361.75,24363.65,509,170,0
2025-09-26 13:30:00+00:00,24363.55,24367.75,24357.35,24362.65,535,170,0
2025-09-26 13:35:00+00:00,24362.55,24365.75,24357.05,24359.75,441,170,0
2025-09-26 13:40:00+00:00,24359.25,24361.25,24354.25,24358.35,442,160,0
2025-09-26 13:45:00+00:00,24358.25,24365.55,24355.95,24359.35,439,170,0
2025-09-26 13:50:00+00:00,24359.45,24365.75,24355.85,24364.25,460,170,0
2025-09-26 13:55:00+00:00,24364.35,24370.25,24363.55,24369.05,429,160,0
2025-09-26 14:00:00+00:00,24369.15,24380.05,24368.25,24373.15,692,160,0
2025-09-26 14:05:00+00:00,24373.45,24383.75,24369.15,24382.35,584,170,0
2025-09-26 14:10:00+00:00,24382.45,24398.05,24382.35,24391.05,605,170,0
2025-09-26 14:15:00+00:00,24391.25,24391.95,24369.25,24374.65,738,170,0
2025-09-26 14:20:00+00:00,24374.55,24379.15,24364.95,24365.45,693,180,0
2025-09-26 14:25:00+00:00,24365.65,24377.95,24360.55,24376.45,669,170,0
2025-09-26 14:30:00+00:00,24376.35,24389.25,24370.65,24388.45,676,170,0
2025-09-26 14:35:00+00:00,24388.95,24397.05,24385.35,24395.25,609,170,0
2025-09-26 14:40:00+00:00,24395.45,24406.05,24393.65,24399.05,660,180,0
2025-09-26 14:45:00+00:00,24398.95,24409.05,24396.05,24409.05,607,180,0
2025-09-26 14:50:00+00:00,24408.75,24423.85,24407.15,24423.75,715,170,0
2025-09-26 14:55:00+00:00,24423.45,24423.75,24409.05,24409.35,641,170,0
2025-09-26 15:00:00+00:00,24407.55,24408.75,24398.25,24402.15,691,170,0
2025-09-26 15:05:00+00:00,24402.05,24415.75,24401.55,24413.95,782,180,0
2025-09-26 15:10:00+00:00,24414.05,24414.65,24405.05,24407.45,615,180,0
2025-09-26 15:15:00+00:00,24407.15,24416.85,24407.05,24415.95,634,170,0
2025-09-26 15:20:00+00:00,24415.55,24416.75,24406.45,24415.75,673,180,0
2025-09-26 15:25:00+00:00,24415.95,24422.03,24407.55,24415.72,768,170,0
2025-09-26 15:30:00+00:00,24415.57,24476.35,24411.62,24475.25,1388,210,0
2025-09-26 15:35:00+00:00,24475.05,24516.85,24473.25,24505.75,1366,210,0
2025-09-26 15:40:00+00:00,24506.25,24510.65,24489.55,24497.15,1270,210,0
2025-09-26 15:45:00+00:00,24495.25,24496.25,24470.65,24479.35,1258,210,0
2025-09-26 15:50:00+00:00,24479.75,24484.55,24451.25,24454.55,1147,210,0
2025-09-26 15:55:00+00:00,24453.65,24475.05,24452.25,24464.45,1085,200,0
2025-09-26 16:00:00+00:00,24464.35,24466.95,24439.35,24440.05,1231,200,0
2025-09-26 16:05:00+00:00,24440.65,24447.95,24437.45,24438.15,1075,200,0
2025-09-26 16:10:00+00:00,24438.85,24455.15,24431.65,24453.95,955,190,0
2025-09-26 16:15:00+00:00,24452.75,24456.85,24443.75,24448.05,970,190,0
2025-09-26 16:20:00+00:00,24447.95,24455.95,24438.95,24442.95,998,200,0
2025-09-26 16:25:00+00:00,24441.15,24446.15,24422.15,24423.85,1192,200,0
2025-09-26 16:30:00+00:00,24423.65,24470.45,24367.55,24463.75,1638,80,0
2025-09-26 16:35:00+00:00,24463.55,24475.55,24444.25,24464.05,1598,120,0
2025-09-26 16:40:00+00:00,24463.85,24482.35,24432.05,24441.55,1612,120,0
2025-09-26 16:45:00+00:00,24441.85,24481.35,24414.95,24468.95,1564,120,0
2025-09-26 16:50:00+00:00,24469.45,24485.05,24446.35,24460.25,1524,120,0
2025-09-26 16:55:00+00:00,24460.55,24479.35,24445.85,24475.55,1454,120,0
2025-09-26 17:00:00+00:00,24472.35,24503.55,24443.05,24445.05,1546,120,0
2025-09-26 17:05:00+00:00,24446.75,24449.35,24377.45,24390.95,1562,120,0
2025-09-26 17:10:00+00:00,24393.55,24406.35,24359.85,24375.75,1600,120,0
2025-09-26 17:15:00+00:00,24375.85,24383.95,24353.55,24378.05,1557,120,0
2025-09-26 17:20:00+00:00,24377.85,24380.95,24336.25,24340.85,1532,120,0
2025-09-26 17:25:00+00:00,24341.35,24343.75,24290.95,24338.85,1570,120,0
2025-09-26 17:30:00+00:00,24337.45,24339.85,24309.85,24317.35,1473,120,0
2025-09-26 17:35:00+00:00,24317.05,24382.35,24310.45,24380.25,1477,120,0
2025-09-26 17:40:00+00:00,24379.75,24412.35,24374.85,24397.45,1445,120,0
2025-09-26 17:45:00+00:00,24397.05,24406.55,24335.25,24335.25,1476,120,0
2025-09-26 17:50:00+00:00,24334.95,24364.75,24320.55,24355.85,1513,120,0
2025-09-26 17:55:00+00:00,24354.85,24374.45,24330.35,24337.25,1470,120,0
2025-09-26 18:00:00+00:00,24338.05,24369.85,24330.85,24352.45,1490,120,0
2025-09-26 18:05:00+00:00,24352.85,24365.45,24338.85,24350.05,1436,120,0
2025-09-26 18:10:00+00:00,24350.35,24357.85,24328.15,24328.65,1457,120,0
2025-09-26 18:15:00+00:00,24329.05,24381.15,24321.95,24378.65,1393,120,0
2025-09-26 18:20:00+00:00,24379.05,24383.15,24347.35,24360.95,1412,120,0
2025-09-26 18:25:00+00:00,24361.15,24408.75,24360.65,24407.55,1325,100,0
2025-09-26 18:30:00+00:00,24407.25,24411.75,24382.45,24395.95,1280,80,0
2025-09-26 18:35:00+00:00,24396.35,24401.45,24362.85,24370.65,1384,120,0
2025-09-26 18:40:00+00:00,24371.05,24394.65,24364.35,24382.15,1470,120,0
2025-09-26 18:45:00+00:00,24382.45,24391.45,24368.15,24390.45,1445,120,0
2025-09-26 18:50:00+00:00,24390.05,24390.65,24363.55,24374.85,1422,120,0
2025-09-26 18:55:00+00:00,24376.05,24381.65,24350.95,24355.95,1404,120,0
2025-09-26 19:00:00+00:00,24356.15,24366.15,24343.95,24360.85,1479,120,0
2025-09-26 19:05:00+00:00,24361.15,24375.85,24354.55,24361.35,1456,120,0
2025-09-26 19:10:00+00:00,24360.95,24378.65,24353.95,24374.95,1392,120,0
2025-09-26 19:15:00+00:00,24374.65,24398.45,24371.15,24397.65,1303,80,0
2025-09-26 19:20:00+00:00,24397.85,24446.95,24396.95,24444.95,1329,80,0
2025-09-26 19:25:00+00:00,24445.05,24455.95,24421.45,24437.05,1389,120,0
2025-09-26 19:30:00+00:00,24436.65,24444.95,24417.85,24429.85,1370,120,0
2025-09-26 19:35:00+00:00,24430.95,24445.65,24420.65,24433.85,1256,80,0
2025-09-26 19:40:00+00:00,24433.65,24455.35,24429.85,24449.65,1250,80,0
2025-09-26 19:45:00+00:00,24448.55,24453.65,24435.15,24446.65,1263,80,0
2025-09-26 19:50:00+00:00,24446.85,24463.55,24443.35,24456.15,1212,80,0
2025-09-26 19:55:00+00:00,24455.85,24475.05,24447.65,24466.65,1202,80,0
2025-09-26 20:00:00+00:00,24466.35,24471.75,24459.65,24463.05,1273,80,0
2025-09-26 20:05:00+00:00,24462.85,24474.35,24459.75,24473.85,1126,80,0
2025-09-26 20:10:00+00:00,24473.75,24487.85,24473.65,24482.85,1010,80,0
2025-09-26 20:15:00+00:00,24482.75,24484.65,24472.25,24474.35,1004,80,0
2025-09-26 20:20:00+00:00,24474.15,24479.15,24466.25,24479.15,1044,80,0
2025-09-26 20:25:00+00:00,24479.35,24492.35,24475.15,24484.65,1020,80,0
2025-09-26 20:30:00+00:00,24484.75,24485.65,24472.85,24481.85,1048,80,0
2025-09-26 20:35:00+00:00,24481.65,24488.75,24474.15,24476.55,1014,80,0
2025-09-26 20:40:00+00:00,24476.35,24482.85,24467.15,24474.35,1087,80,0
2025-09-26 20:45:00+00:00,24475.35,24475.35,24463.25,24466.25,1046,80,0
2025-09-26 20:50:00+00:00,24466.15,24467.05,24449.35,24451.85,965,80,0
2025-09-26 20:55:00+00:00,24451.65,24467.85,24440.85,24467.55,1140,80,0
2025-09-26 21:00:00+00:00,24467.35,24486.35,24464.65,24479.85,1037,80,0
2025-09-26 21:05:00+00:00,24479.35,24480.15,24453.25,24453.65,1159,80,0
2025-09-26 21:10:00+00:00,24453.35,24468.65,24447.65,24467.85,1029,80,0
2025-09-26 21:15:00+00:00,24467.65,24484.85,24466.85,24475.15,1058,80,0
2025-09-26 21:20:00+00:00,24474.85,24494.35,24469.85,24493.85,985,80,0
2025-09-26 21:25:00+00:00,24494.05,24505.05,24483.75,24491.15,1059,80,0
2025-09-26 21:30:00+00:00,24491.35,24496.35,24486.65,24492.55,989,80,0
2025-09-26 21:35:00+00:00,24492.15,24505.35,24491.15,24501.35,933,80,0
2025-09-26 21:40:00+00:00,24502.15,24512.65,24498.85,24500.15,1042,80,0
2025-09-26 21:45:00+00:00,24499.65,24502.65,24479.45,24494.35,1183,80,0
2025-09-26 21:50:00+00:00,24494.75,24494.75,24483.45,24486.35,1030,80,0
2025-09-26 21:55:00+00:00,24486.05,24502.25,24485.95,24499.05,912,80,0
2025-09-26 22:00:00+00:00,24498.05,24503.35,24490.95,24495.85,929,80,0
2025-09-26 22:05:00+00:00,24496.05,24502.25,24483.85,24486.85,993,80,0
2025-09-26 22:10:00+00:00,24487.85,24494.85,24483.55,24487.35,1006,80,0
2025-09-26 22:15:00+00:00,24487.25,24498.55,24480.85,24496.05,1025,80,0
2025-09-26 22:20:00+00:00,24495.35,24504.35,24489.65,24499.45,873,80,0
2025-09-26 22:25:00+00:00,24499.95,24507.95,24497.15,24498.05,881,80,0
2025-09-26 22:30:00+00:00,24498.45,24498.45,24489.05,24489.95,923,80,0
2025-09-26 22:35:00+00:00,24489.55,24498.95,24485.45,24493.85,911,80,0
2025-09-26 22:40:00+00:00,24493.65,24498.35,24487.95,24488.95,906,80,0
2025-09-26 22:45:00+00:00,24489.15,24499.95,24482.95,24499.15,958,80,0
2025-09-26 22:50:00+00:00,24496.35,24503.35,24473.45,24500.35,1260,80,0
2025-09-26 22:55:00+00:00,24500.65,24508.15,24486.15,24497.95,1351,80,0
2025-09-26 23:00:00+00:00,24497.16,24505.76,24493.66,24505.26,892,138,0
2025-09-26 23:05:00+00:00,24504.96,24511.26,24502.56,24509.16,618,178,0
2025-09-26 23:10:00+00:00,24508.96,24517.66,24505.66,24516.86,594,178,0
2025-09-26 23:15:00+00:00,24516.36,24518.86,24512.66,24513.46,371,178,0
2025-09-26 23:20:00+00:00,24513.36,24515.96,24512.46,24512.96,211,168,0
2025-09-26 23:25:00+00:00,24512.76,24513.26,24509.46,24512.46,232,168,0
2025-09-26 23:30:00+00:00,24512.76,24515.46,24511.76,24512.46,297,168,0
2025-09-26 23:35:00+00:00,24511.96,24513.46,24510.16,24511.76,217,168,0
2025-09-26 23:40:00+00:00,24512.16,24512.76,24507.46,24509.26,276,168,0
2025-09-26 23:45:00+00:00,24508.96,24510.26,24503.96,24503.96,304,168,0
2025-09-29 01:05:00+00:00,24501.76,24523.46,24499.86,24518.36,645,198,0
2025-09-29 01:10:00+00:00,24518.86,24522.06,24516.16,24517.26,366,168,0
2025-09-29 01:15:00+00:00,24517.16,24526.56,24515.86,24524.56,292,158,0
2025-09-29 01:20:00+00:00,24524.66,24531.66,24524.66,24524.96,290,158,0
2025-09-29 01:25:00+00:00,24525.06,24525.06,24516.96,24521.76,311,158,0
2025-09-29 01:30:00+00:00,24521.96,24526.26,24515.56,24525.16,285,148,0
2025-09-29 01:35:00+00:00,24524.96,24538.56,24521.76,24532.76,308,168,0
2025-09-29 01:40:00+00:00,24532.96,24539.66,24532.26,24534.06,289,168,0
2025-09-29 01:45:00+00:00,24533.96,24542.76,24531.06,24541.06,256,158,0
2025-09-29 01:50:00+00:00,24542.36,24544.96,24531.06,24533.16,293,158,0
2025-09-29 01:55:00+00:00,24532.26,24533.66,24530.36,24531.36,157,148,0
2025-09-29 02:00:00+00:00,24530.76,24540.35,24530.76,24538.35,293,130,0
2025-09-29 02:05:00+00:00,24537.35,24538.95,24531.95,24533.15,201,140,0
2025-09-29 02:10:00+00:00,24532.85,24536.95,24531.45,24532.95,156,130,0
2025-09-29 02:15:00+00:00,24532.75,24536.35,24530.45,24536.15,173,130,0
2025-09-29 02:20:00+00:00,24536.05,24537.95,24532.25,24536.35,200,140,0
2025-09-29 02:25:00+00:00,24536.15,24548.95,24535.35,24539.85,342,130,0
2025-09-29 02:30:00+00:00,24539.65,24545.55,24536.55,24540.05,338,150,0
2025-09-29 02:35:00+00:00,24539.95,24542.05,24533.55,24535.15,286,140,0
2025-09-29 02:40:00+00:00,24535.65,24548.35,24535.15,24543.55,343,150,0
2025-09-29 02:45:00+00:00,24543.75,24547.05,24539.75,24547.05,317,140,0
2025-09-29 02:50:00+00:00,24546.95,24552.95,24546.95,24550.95,347,140,0
2025-09-29 02:55:00+00:00,24551.15,24552.55,24545.55,24547.15,256,140,0
2025-09-29 03:00:00+00:00,24547.45,24560.55,24540.05,24559.25,727,140,0
2025-09-29 03:05:00+00:00,24559.45,24562.95,24556.25,24558.85,605,160,0
2025-09-29 03:10:00+00:00,24558.95,24559.75,24555.55,24559.65,502,150,0
2025-09-29 03:15:00+00:00,24559.35,24562.05,24555.55,24561.15,511,140,0
2025-09-29 03:20:00+00:00,24561.25,24572.55,24559.85,24569.25,523,140,0
2025-09-29 03:25:00+00:00,24569.35,24569.95,24564.95,24567.35,425,140,0
2025-09-29 03:30:00+00:00,24566.95,24568.55,24562.95,24567.35,359,140,0
2025-09-29 03:35:00+00:00,24567.45,24569.95,24565.95,24569.15,376,130,0
2025-09-29 03:40:00+00:00,24569.35,24578.55,24567.75,24577.65,436,130,0
2025-09-29 03:45:00+00:00,24577.95,24582.05,24577.05,24579.85,437,130,0
2025-09-29 03:50:00+00:00,24579.85,24580.85,24574.15,24575.65,328,130,0
2025-09-29 03:55:00+00:00,24574.75,24575.65,24567.65,24568.35,405,130,0
2025-09-29 04:00:00+00:00,24568.45,24569.95,24551.05,24557.35,556,140,0
2025-09-29 04:05:00+00:00,24556.95,24558.75,24550.45,24556.55,472,150,0
2025-09-29 04:10:00+00:00,24556.25,24563.25,24554.35,24561.15,425,150,0
2025-09-29 04:15:00+00:00,24560.65,24567.05,24560.65,24565.35,410,140,0
2025-09-29 04:20:00+00:00,24565.05,24566.55,24562.55,24564.05,367,140,0
2025-09-29 04:25:00+00:00,24564.45,24566.55,24558.85,24559.15,365,140,0
2025-09-29 04:30:00+00:00,24559.65,24563.15,24557.55,24561.65,442,140,0
2025-09-29 04:35:00+00:00,24561.85,24571.55,24560.65,24564.35,409,140,0
2025-09-29 04:40:00+00:00,24564.15,24573.05,24563.35,24570.95,384,130,0
2025-09-29 04:45:00+00:00,24570.75,24578.75,24568.75,24578.05,428,130,0
2025-09-29 04:50:00+00:00,24577.95,24580.15,24569.35,24569.35,412,130,0
2025-09-29 04:55:00+00:00,24569.05,24574.55,24565.15,24568.35,450,140,0
2025-09-29 05:00:00+00:00,24568.05,24568.35,24561.55,24565.05,417,140,0
2025-09-29 05:05:00+00:00,24565.45,24574.95,24565.15,24574.55,379,130,0
2025-09-29 05:10:00+00:00,24574.45,24575.95,24572.45,24572.75,400,130,0
2025-09-29 05:15:00+00:00,24572.65,24577.35,24571.95,24576.75,299,130,0
2025-09-29 05:20:00+00:00,24576.35,24579.95,24575.45,24578.95,282,130,0
2025-09-29 05:25:00+00:00,24579.25,24581.45,24577.25,24578.65,282,130,0
2025-09-29 05:30:00+00:00,24578.85,24583.65,24578.65,24579.45,304,130,0
2025-09-29 05:35:00+00:00,24579.35,24581.35,24576.35,24579.65,255,130,0
2025-09-29 05:40:00+00:00,24580.25,24582.35,24578.15,24578.95,227,130,0
2025-09-29 05:45:00+00:00,24579.15,24584.45,24579.15,24583.65,259,130,0
2025-09-29 05:50:00+00:00,24583.55,24587.95,24582.75,24587.35,304,130,0
2025-09-29 05:55:00+00:00,24587.75,24589.15,24584.95,24588.35,248,130,0
2025-09-29 06:00:00+00:00,24588.25,24588.45,24583.65,24583.85,227,130,0
2025-09-29 06:05:00+00:00,24583.45,24584.75,24581.65,24584.65,229,130,0
2025-09-29 06:10:00+00:00,24584.85,24588.75,24582.65,24582.65,280,130,0
2025-09-29 06:15:00+00:00,24582.75,24586.65,24582.35,24585.65,214,130,0
2025-09-29 06:20:00+00:00,24585.45,24587.55,24580.45,24586.95,255,130,0
2025-09-29 06:25:00+00:00,24587.05,24590.75,24586.25,24588.85,173,130,0
2025-09-29 06:30:00+00:00,24589.15,24591.75,24588.15,24588.75,270,130,0
2025-09-29 06:35:00+00:00,24588.65,24592.95,24587.85,24591.75,245,130,0
2025-09-29 06:40:00+00:00,24591.45,24591.65,24587.15,24588.75,218,130,0
2025-09-29 06:45:00+00:00,24588.65,24588.65,24586.25,24587.35,210,130,0
2025-09-29 06:50:00+00:00,24587.45,24591.35,24586.45,24590.45,208,130,0
2025-09-29 06:55:00+00:00,24590.25,24591.35,24588.65,24589.95,203,130,0
2025-09-29 07:00:00+00:00,24590.35,24594.25,24588.45,24593.85,170,130,0
2025-09-29 07:05:00+00:00,24594.15,24599.95,24594.15,24597.25,323,130,0
2025-09-29 07:10:00+00:00,24597.35,24599.25,24594.45,24598.65,205,130,0
2025-09-29 07:15:00+00:00,24598.45,24600.85,24598.35,24600.25,210,130,0
2025-09-29 07:20:00+00:00,24600.35,24605.25,24599.35,24605.15,262,130,0
2025-09-29 07:25:00+00:00,24606.15,24609.15,24605.15,24608.85,151,130,0
2025-09-29 07:30:00+00:00,24608.75,24609.25,24606.15,24608.15,141,130,0
2025-09-29 07:35:00+00:00,24607.85,24609.65,24605.95,24607.85,99,130,0
2025-09-29 07:40:00+00:00,24608.15,24608.95,24606.35,24608.35,180,130,0
2025-09-29 07:45:00+00:00,24608.45,24609.15,24606.45,24607.15,124,130,0
2025-09-29 07:50:00+00:00,24606.85,24607.75,24604.65,24606.85,212,130,0
2025-09-29 07:55:00+00:00,24606.75,24607.25,24603.45,24603.65,184,130,0
2025-09-29 08:00:00+00:00,24604.35,24608.15,24603.15,24607.95,242,130,0
2025-09-29 08:05:00+00:00,24607.85,24608.15,24598.65,24601.95,282,130,0
2025-09-29 08:10:00+00:00,24601.55,24604.05,24600.05,24603.75,224,130,0
2025-09-29 08:15:00+00:00,24603.15,24605.35,24601.35,24604.25,316,130,0
2025-09-29 08:20:00+00:00,24604.35,24610.25,24604.35,24609.45,272,130,0
2025-09-29 08:25:00+00:00,24609.65,24610.95,24608.35,24609.75,231,130,0
2025-09-29 08:30:00+00:00,24609.85,24610.95,24607.95,24608.95,319,130,0
2025-09-29 08:35:00+00:00,24609.15,24612.85,24607.65,24610.45,316,130,0
2025-09-29 08:40:00+00:00,24610.25,24610.85,24603.05,24603.85,330,130,0
2025-09-29 08:45:00+00:00,24603.95,24605.05,24596.85,24601.35,334,130,0
2025-09-29 08:50:00+00:00,24601.65,24605.65,24601.55,24603.15,340,130,0
2025-09-29 08:55:00+00:00,24603.65,24607.15,24600.65,24601.45,362,130,0
2025-09-29 09:00:00+00:00,24601.75,24601.75,24590.55,24590.55,543,130,0
2025-09-29 09:05:00+00:00,24589.55,24596.55,24589.05,24593.25,525,140,0
2025-09-29 09:10:00+00:00,24593.15,24604.05,24590.15,24602.35,480,140,0
2025-09-29 09:15:00+00:00,24602.45,24608.85,24601.05,24608.65,361,140,0
2025-09-29 09:20:00+00:00,24608.55,24615.35,24608.05,24609.85,422,130,0
2025-09-29 09:25:00+00:00,24609.95,24613.55,24605.55,24609.45,433,140,0
2025-09-29 09:30:00+00:00,24609.15,24620.05,24609.05,24619.65,530,140,0
2025-09-29 09:35:00+00:00,24619.35,24623.35,24615.05,24620.05,435,140,0
2025-09-29 09:40:00+00:00,24619.95,24626.85,24618.85,24626.45,423,140,0
2025-09-29 09:45:00+00:00,24626.85,24629.55,24624.55,24627.65,473,140,0
2025-09-29 09:50:00+00:00,24627.55,24630.35,24625.55,24627.15,367,140,0
2025-09-29 09:55:00+00:00,24627.05,24627.55,24618.05,24619.85,456,130,0
2025-09-29 10:00:00+00:00,24619.75,24621.65,24606.55,24609.95,828,150,0
2025-09-29 10:05:00+00:00,24609.85,24612.55,24601.25,24601.45,724,160,0
2025-09-29 10:10:00+00:00,24600.05,24616.75,24598.85,24613.55,737,160,0
2025-09-29 10:15:00+00:00,24613.75,24617.85,24608.95,24614.55,641,160,0
2025-09-29 10:20:00+00:00,24614.85,24625.25,24614.35,24624.35,572,150,0
2025-09-29 10:25:00+00:00,24624.65,24630.55,24623.15,24628.85,525,140,0
2025-09-29 10:30:00+00:00,24629.05,24632.15,24625.15,24629.25,588,140,0
2025-09-29 10:35:00+00:00,24629.05,24639.35,24629.05,24635.25,589,150,0
2025-09-29 10:40:00+00:00,24635.35,24639.05,24630.05,24630.05,509,140,0
2025-09-29 10:45:00+00:00,24629.65,24631.85,24621.75,24629.95,615,140,0
2025-09-29 10:50:00+00:00,24630.05,24636.75,24630.05,24634.65,443,150,0
2025-09-29 10:55:00+00:00,24634.75,24634.75,24624.35,24628.35,517,150,0
2025-09-29 11:00:00+00:00,24628.65,24646.95,24627.55,24643.15,862,150,0
2025-09-29 11:05:00+00:00,24642.65,24650.05,24640.05,24648.55,652,160,0
2025-09-29 11:10:00+00:00,24648.45,24651.45,24645.85,24648.55,600,160,0
2025-09-29 11:15:00+00:00,24648.85,24651.25,24642.75,24643.35,536,160,0
2025-09-29 11:20:00+00:00,24644.05,24649.25,24640.75,24648.85,499,150,0
2025-09-29 11:25:00+00:00,24648.75,24651.75,24645.25,24650.65,485,140,0
2025-09-29 11:30:00+00:00,24650.55,24654.35,24647.15,24649.55,488,150,0
2025-09-29 11:35:00+00:00,24650.25,24658.25,24650.05,24657.95,411,140,0
2025-09-29 11:40:00+00:00,24658.05,24659.55,24654.15,24657.95,373,140,0
2025-09-29 11:45:00+00:00,24658.15,24666.85,24656.55,24665.15,492,130,0
2025-09-29 11:50:00+00:00,24665.65,24669.85,24664.05,24664.85,414,140,0
2025-09-29 11:55:00+00:00,24664.55,24670.15,24663.85,24669.15,380,130,0
2025-09-29 12:00:00+00:00,24670.05,24670.15,24662.35,24663.15,458,140,0
2025-09-29 12:05:00+00:00,24662.55,24669.65,24662.15,24663.95,409,130,0
2025-09-29 12:10:00+00:00,24664.45,24665.85,24662.15,24662.65,311,130,0
2025-09-29 12:15:00+00:00,24662.75,24665.95,24661.25,24661.25,312,130,0
2025-09-29 12:20:00+00:00,24660.85,24662.85,24659.25,24661.25,305,130,0
2025-09-29 12:25:00+00:00,24661.35,24670.95,24660.85,24665.45,382,130,0
2025-09-29 12:30:00+00:00,24665.55,24665.95,24658.45,24661.35,347,130,0
2025-09-29 12:35:00+00:00,24661.25,24670.25,24660.45,24669.25,328,130,0
2025-09-29 12:40:00+00:00,24669.65,24672.15,24665.65,24670.65,396,130,0
2025-09-29 12:45:00+00:00,24670.85,24671.65,24657.75,24661.85,557,130,0
2025-09-29 12:50:00+00:00,24661.65,24663.35,24657.35,24657.85,405,140,0
2025-09-29 12:55:00+00:00,24657.95,24658.05,24647.05,24647.05,516,140,0
2025-09-29 13:00:00+00:00,24647.65,24654.15,24641.05,24646.95,490,140,0
2025-09-29 13:05:00+00:00,24647.35,24654.55,24647.25,24649.85,422,150,0
2025-09-29 13:10:00+00:00,24650.75,24659.85,24650.35,24659.15,368,140,0
2025-09-29 13:15:00+00:00,24659.45,24665.05,24659.35,24663.85,390,140,0
2025-09-29 13:20:00+00:00,24664.15,24677.05,24663.95,24674.35,437,140,0
2025-09-29 13:25:00+00:00,24674.55,24675.15,24671.55,24673.95,330,130,0
2025-09-29 13:30:00+00:00,24673.85,24674.85,24663.45,24663.85,432,130,0
2025-09-29 13:35:00+00:00,24664.05,24666.95,24660.85,24662.65,362,130,0
2025-09-29 13:40:00+00:00,24662.85,24665.95,24659.35,24663.15,363,130,0
2025-09-29 13:45:00+00:00,24663.25,24668.35,24660.65,24667.95,295,130,0
2025-09-29 13:50:00+00:00,24668.25,24669.15,24661.05,24665.35,366,130,0
2025-09-29 13:55:00+00:00,24665.15,24666.25,24661.95,24664.55,303,130,0
2025-09-29 14:00:00+00:00,24662.85,24668.85,24654.35,24654.55,589,140,0
2025-09-29 14:05:00+00:00,24654.15,24656.85,24648.55,24649.15,537,140,0
2025-09-29 14:10:00+00:00,24649.35,24649.85,24636.35,24636.55,645,150,0
2025-09-29 14:15:00+00:00,24636.65,24652.35,24633.75,24652.25,629,150,0
2025-09-29 14:20:00+00:00,24652.35,24654.85,24643.75,24646.05,560,150,0
2025-09-29 14:25:00+00:00,24645.35,24645.35,24634.65,24634.85,487,150,0
2025-09-29 14:30:00+00:00,24633.85,24642.15,24632.35,24635.85,529,150,0
2025-09-29 14:35:00+00:00,24636.05,24643.25,24632.15,24632.55,472,150,0
2025-09-29 14:40:00+00:00,24632.05,24638.55,24630.35,24634.45,574,140,0
2025-09-29 14:45:00+00:00,24634.55,24641.85,24631.05,24640.85,548,150,0
2025-09-29 14:50:00+00:00,24640.75,24652.65,24640.75,24651.55,733,150,0
2025-09-29 14:55:00+00:00,24651.45,24653.25,24647.45,24652.05,516,150,0
2025-09-29 15:00:00+00:00,24652.15,24654.55,24644.25,24645.05,532,140,0
2025-09-29 15:05:00+00:00,24644.65,24652.75,24639.75,24652.35,491,150,0
2025-09-29 15:10:00+00:00,24652.65,24661.55,24652.35,24659.35,554,150,0
2025-09-29 15:15:00+00:00,24659.15,24662.25,24654.75,24661.75,534,150,0
2025-09-29 15:20:00+00:00,24662.05,24666.05,24659.65,24664.55,558,140,0
2025-09-29 15:25:00+00:00,24664.75,24665.05,24658.55,24661.55,547,140,0
2025-09-29 15:30:00+00:00,24662.35,24667.85,24658.25,24667.05,627,150,0
2025-09-29 15:35:00+00:00,24667.35,24669.05,24661.05,24668.75,453,150,0
2025-09-29 15:40:00+00:00,24669.05,24671.55,24661.85,24670.05,475,150,0
2025-09-29 15:45:00+00:00,24669.75,24680.65,24669.35,24677.15,576,150,0
2025-09-29 15:50:00+00:00,24677.05,24682.55,24675.65,24681.55,452,140,0
2025-09-29 15:55:00+00:00,24681.85,24684.55,24670.65,24674.85,745,140,0
2025-09-29 16:00:00+00:00,24673.85,24683.85,24661.65,24663.15,843,160,0
2025-09-29 16:05:00+00:00,24663.65,24666.95,24659.05,24663.05,752,160,0
2025-09-29 16:10:00+00:00,24663.25,24667.75,24659.25,24662.55,621,150,0
2025-09-29 16:15:00+00:00,24663.25,24668.05,24659.05,24667.85,549,150,0
2025-09-29 16:20:00+00:00,24668.05,24668.05,24658.35,24661.55,590,150,0
2025-09-29 16:25:00+00:00,24659.15,24664.35,24622.15,24626.35,1087,150,0
2025-09-29 16:30:00+00:00,24627.45,24662.25,24624.35,24647.55,1563,60,0
2025-09-29 16:35:00+00:00,24646.65,24667.65,24641.25,24648.25,1564,100,0
2025-09-29 16:40:00+00:00,24649.05,24690.75,24642.75,24690.25,1470,100,0
2025-09-29 16:45:00+00:00,24690.55,24723.25,24690.55,24722.55,1413,100,0
2025-09-29 16:50:00+00:00,24724.15,24730.15,24697.55,24726.25,1398,100,0
2025-09-29 16:55:00+00:00,24727.25,24730.05,24705.65,24716.75,1425,100,0
2025-09-29 17:00:00+00:00,24717.15,24733.35,24695.65,24702.75,1481,100,0
2025-09-29 17:05:00+00:00,24703.35,24745.75,24697.55,24744.75,1373,100,0
2025-09-29 17:10:00+00:00,24744.65,24746.25,24721.35,24731.85,1348,100,0
2025-09-29 17:15:00+00:00,24732.05,24736.75,24703.35,24703.55,1345,70,0
2025-09-29 17:20:00+00:00,24703.35,24742.65,24693.75,24740.85,1330,70,0
2025-09-29 17:25:00+00:00,24741.35,24744.75,24729.75,24732.95,1273,60,0
2025-09-29 17:30:00+00:00,24732.85,24733.75,24718.45,24729.25,1258,60,0
2025-09-29 17:35:00+00:00,24729.45,24736.35,24711.35,24719.45,1247,60,0
2025-09-29 17:40:00+00:00,24718.75,24732.25,24717.25,24726.75,1197,60,0
2025-09-29 17:45:00+00:00,24726.95,24733.75,24721.75,24727.55,1133,60,0
2025-09-29 17:50:00+00:00,24727.95,24733.15,24712.95,24715.95,1187,60,0
2025-09-29 17:55:00+00:00,24715.75,24718.95,24696.65,24703.25,1225,60,0
2025-09-29 18:00:00+00:00,24702.95,24716.65,24700.55,24708.95,1168,60,0
2025-09-29 18:05:00+00:00,24708.65,24712.45,24691.95,24693.95,1149,60,0
2025-09-29 18:10:00+00:00,24693.65,24694.65,24665.15,24668.15,1243,60,0
2025-09-29 18:15:00+00:00,24667.25,24667.25,24637.45,24655.35,1372,60,0
2025-09-29 18:20:00+00:00,24655.25,24668.35,24643.85,24647.95,1288,70,0
2025-09-29 18:25:00+00:00,24648.05,24658.05,24636.55,24640.75,1249,70,0
2025-09-29 18:30:00+00:00,24639.25,24647.45,24626.95,24634.75,1290,100,0
2025-09-29 18:35:00+00:00,24634.45,24638.55,24613.95,24633.75,1308,60,0
2025-09-29 18:40:00+00:00,24633.85,24641.55,24624.25,24640.95,1200,60,0
2025-09-29 18:45:00+00:00,24640.65,24642.15,24621.15,24623.95,1193,60,0
2025-09-29 18:50:00+00:00,24623.65,24627.65,24604.95,24619.35,1240,60,0
2025-09-29 18:55:00+00:00,24619.75,24627.75,24604.75,24623.15,1224,60,0
2025-09-29 19:00:00+00:00,24624.45,24630.65,24600.15,24603.95,1207,60,0
2025-09-29 19:05:00+00:00,24604.05,24619.95,24600.15,24619.95,1158,60,0
2025-09-29 19:10:00+00:00,24619.65,24639.15,24619.65,24636.95,1139,60,0
2025-09-29 19:15:00+00:00,24636.75,24641.15,24599.55,24624.95,1199,60,0
2025-09-29 19:20:00+00:00,24625.15,24632.15,24614.15,24629.45,1151,60,0
2025-09-29 19:25:00+00:00,24629.15,24630.65,24619.65,24622.05,1035,60,0
2025-09-29 19:30:00+00:00,24622.45,24635.15,24621.75,24632.15,1023,60,0
2025-09-29 19:35:00+00:00,24632.45,24632.45,24620.45,24626.15,980,60,0
2025-09-29 19:40:00+00:00,24625.95,24639.45,24613.65,24614.65,1038,60,0
2025-09-29 19:45:00+00:00,24614.45,24621.45,24607.65,24616.65,1061,60,0
2025-09-29 19:50:00+00:00,24616.15,24620.05,24599.15,24600.95,1083,60,0
2025-09-29 19:55:00+00:00,24600.75,24612.15,24597.45,24608.65,1082,60,0
2025-09-29 20:00:00+00:00,24609.15,24610.75,24574.65,24586.85,1236,60,0
2025-09-29 20:05:00+00:00,24586.75,24608.35,24586.75,24599.95,1165,60,0
2025-09-29 20:10:00+00:00,24599.65,24608.05,24590.65,24594.65,1121,60,0
2025-09-29 20:15:00+00:00,24594.45,24612.15,24589.75,24607.45,1090,60,0
2025-09-29 20:20:00+00:00,24607.15,24607.65,24596.65,24605.65,1070,60,0
2025-09-29 20:25:00+00:00,24605.95,24614.95,24599.65,24606.45,1067,60,0
2025-09-29 20:30:00+00:00,24606.15,24610.55,24589.45,24599.15,1120,60,0
2025-09-29 20:35:00+00:00,24599.25,24604.15,24593.65,24604.15,1014,60,0
2025-09-29 20:40:00+00:00,24604.65,24613.45,24598.95,24600.45,939,60,0
2025-09-29 20:45:00+00:00,24600.15,24608.05,24598.05,24600.15,913,60,0
2025-09-29 20:50:00+00:00,24600.45,24623.05,24598.05,24620.65,1011,60,0
2025-09-29 20:55:00+00:00,24620.75,24621.45,24612.95,24618.65,901,60,0
2025-09-29 21:00:00+00:00,24619.15,24627.65,24616.45,24624.45,847,60,0
2025-09-29 21:05:00+00:00,24624.65,24629.15,24614.45,24616.15,924,60,0
2025-09-29 21:10:00+00:00,24616.45,24635.05,24614.25,24634.55,966,60,0
2025-09-29 21:15:00+00:00,24634.45,24638.45,24627.95,24633.45,905,60,0
2025-09-29 21:20:00+00:00,24633.55,24640.55,24632.45,24639.45,800,60,0
2025-09-29 21:25:00+00:00,24639.55,24642.95,24632.25,24633.95,811,60,0
2025-09-29 21:30:00+00:00,24633.75,24637.05,24628.65,24628.95,842,60,0
2025-09-29 21:35:00+00:00,24629.75,24630.05,24617.65,24617.65,937,60,0
2025-09-29 21:40:00+00:00,24618.15,24620.45,24608.65,24618.65,994,60,0
2025-09-29 21:45:00+00:00,24618.95,24626.15,24618.45,24625.15,813,60,0
2025-09-29 21:50:00+00:00,24624.95,24625.15,24616.15,24616.95,778,60,0
2025-09-29 21:55:00+00:00,24617.15,24619.95,24611.55,24616.65,857,60,0
2025-09-29 22:00:00+00:00,24615.65,24616.65,24596.95,24607.05,1062,60,0
2025-09-29 22:05:00+00:00,24607.15,24608.25,24581.45,24588.65,1095,60,0
2025-09-29 22:10:00+00:00,24589.15,24599.65,24579.45,24583.75,1056,60,0
2025-09-29 22:15:00+00:00,24583.65,24583.75,24555.45,24574.75,1245,60,0
2025-09-29 22:20:00+00:00,24574.95,24589.65,24574.95,24587.45,1059,60,0
2025-09-29 22:25:00+00:00,24587.25,24595.65,24580.95,24581.95,1020,60,0
2025-09-29 22:30:00+00:00,24582.55,24587.95,24574.45,24584.45,1102,60,0
2025-09-29 22:35:00+00:00,24585.05,24593.55,24582.15,24592.15,954,60,0
2025-09-29 22:40:00+00:00,24592.05,24604.25,24590.75,24596.65,992,60,0
2025-09-29 22:45:00+00:00,24596.45,24615.65,24596.45,24610.65,1053,60,0
2025-09-29 22:50:00+00:00,24610.95,24621.95,24599.45,24601.05,1186,60,0
2025-09-29 22:55:00+00:00,24600.85,24615.75,24597.45,24611.95,1213,60,0
2025-09-29 23:00:00+00:00,24610.85,24618.66,24606.56,24609.26,948,100,0
2025-09-29 23:05:00+00:00,24609.06,24610.46,24601.56,24606.16,663,168,0
2025-09-29 23:10:00+00:00,24606.36,24606.66,24599.86,24602.96,432,158,0
2025-09-29 23:15:00+00:00,24603.26,24604.46,24598.16,24598.46,315,148,0
2025-09-29 23:20:00+00:00,24598.26,24603.36,24597.46,24603.06,183,148,0
2025-09-29 23:25:00+00:00,24602.96,24605.56,24601.46,24603.26,240,148,0
2025-09-29 23:30:00+00:00,24602.96,24603.26,24597.76,24599.26,209,148,0
2025-09-29 23:35:00+00:00,24599.36,24599.56,24595.96,24598.56,204,148,0
2025-09-29 23:40:00+00:00,24598.76,24599.86,24593.96,24594.76,233,148,0
2025-09-29 23:45:00+00:00,24593.96,24594.26,24581.66,24584.96,319,148,0
2025-09-30 01:05:00+00:00,24594.86,24599.86,24592.66,24593.16,172,168,0
2025-09-30 01:10:00+00:00,24593.36,24593.36,24587.96,24591.26,255,158,0
2025-09-30 01:15:00+00:00,24591.36,24591.66,24585.36,24588.26,217,148,0
2025-09-30 01:20:00+00:00,24588.56,24592.26,24587.06,24587.06,160,148,0
2025-09-30 01:25:00+00:00,24586.76,24588.16,24583.46,24586.26,220,148,0
2025-09-30 01:30:00+00:00,24586.46,24592.96,24585.66,24591.86,270,148,0
2025-09-30 01:35:00+00:00,24591.76,24592.96,24590.76,24592.16,124,148,0
2025-09-30 01:40:00+00:00,24592.06,24595.56,24592.06,24594.96,117,148,0
2025-09-30 01:45:00+00:00,24594.76,24602.16,24594.76,24601.26,227,148,0
2025-09-30 01:50:00+00:00,24601.46,24612.16,24601.46,24611.06,263,148,0
2025-09-30 01:55:00+00:00,24611.46,24612.76,24609.06,24609.76,201,148,0
2025-09-30 02:00:00+00:00,24609.56,24611.65,24605.85,24605.85,177,130,0
2025-09-30 02:05:00+00:00,24605.65,24607.35,24601.35,24606.15,201,130,0
2025-09-30 02:10:00+00:00,24606.25,24606.25,24604.15,24605.25,120,130,0
2025-09-30 02:15:00+00:00,24605.05,24608.65,24604.85,24604.85,160,130,0
2025-09-30 02:20:00+00:00,24605.05,24607.85,24604.05,24607.65,104,130,0
2025-09-30 02:25:00+00:00,24607.75,24610.15,24606.35,24607.15,170,130,0
2025-09-30 02:30:00+00:00,24607.05,24612.65,24606.85,24612.65,141,130,0
2025-09-30 02:35:00+00:00,24612.55,24615.55,24612.35,24612.85,155,130,0
2025-09-30 02:40:00+00:00,24612.75,24616.35,24612.15,24615.55,125,130,0
2025-09-30 02:45:00+00:00,24615.25,24617.25,24613.85,24615.15,198,130,0
2025-09-30 02:50:00+00:00,24615.25,24615.25,24602.85,24603.45,260,130,0
2025-09-30 02:55:00+00:00,24603.05,24603.45,24598.25,24599.35,303,140,0
2025-09-30 03:00:00+00:00,24599.05,24603.35,24581.45,24592.45,844,140,0
2025-09-30 03:05:00+00:00,24592.55,24593.95,24585.15,24585.25,708,160,0
2025-09-30 03:10:00+00:00,24584.75,24597.45,24584.25,24592.75,554,150,0
2025-09-30 03:15:00+00:00,24592.65,24602.65,24591.55,24600.75,509,150,0
2025-09-30 03:20:00+00:00,24600.25,24602.65,24591.05,24591.35,381,140,0
2025-09-30 03:25:00+00:00,24591.55,24599.55,24591.55,24594.55,384,140,0
2025-09-30 03:30:00+00:00,24594.85,24602.35,24592.75,24602.05,406,140,0
2025-09-30 03:35:00+00:00,24601.55,24606.05,24598.05,24604.35,357,140,0
2025-09-30 03:40:00+00:00,24604.05,24607.55,24600.85,24604.95,326,140,0
2025-09-30 03:45:00+00:00,24604.55,24612.65,24601.45,24611.05,410,130,0
2025-09-30 03:50:00+00:00,24611.55,24615.15,24610.25,24613.45,362,140,0
2025-09-30 03:55:00+00:00,24613.25,24615.85,24610.05,24612.45,343,130,0
2025-09-30 04:00:00+00:00,24611.85,24612.85,24599.25,24603.65,476,140,0
2025-09-30 04:05:00+00:00,24603.15,24604.65,24593.95,24597.95,635,150,0
2025-09-30 04:10:00+00:00,24597.45,24601.15,24595.55,24597.25,535,140,0
2025-09-30 04:15:00+00:00,24597.35,24601.95,24595.05,24598.75,491,140,0
2025-09-30 04:20:00+00:00,24599.05,24603.75,24597.35,24602.95,354,140,0
2025-09-30 04:25:00+00:00,24603.05,24611.95,24600.85,24602.75,484,140,0
2025-09-30 04:30:00+00:00,24601.75,24603.35,24592.75,24600.45,600,140,0
2025-09-30 04:35:00+00:00,24600.25,24606.25,24596.45,24603.45,523,150,0
2025-09-30 04:40:00+00:00,24603.25,24603.75,24597.55,24600.95,488,140,0
2025-09-30 04:45:00+00:00,24600.85,24601.15,24590.85,24595.55,451,130,0
2025-09-30 04:50:00+00:00,24595.75,24599.05,24594.75,24595.55,362,130,0
2025-09-30 04:55:00+00:00,24595.35,24595.95,24585.95,24595.05,456,130,0
2025-09-30 05:00:00+00:00,24595.25,24598.85,24593.05,24597.05,406,130,0
2025-09-30 05:05:00+00:00,24596.95,24600.35,24596.15,24598.65,351,130,0
2025-09-30 05:10:00+00:00,24598.55,24601.05,24595.65,24598.25,350,130,0
2025-09-30 05:15:00+00:00,24598.15,24602.55,24598.05,24600.25,282,130,0
2025-09-30 05:20:00+00:00,24600.35,24605.35,24598.55,24602.65,305,130,0
2025-09-30 05:25:00+00:00,24602.35,24605.15,24600.65,24601.85,304,130,0
2025-09-30 05:30:00+00:00,24601.55,24601.85,24595.35,24600.15,314,130,0
2025-09-30 05:35:00+00:00,24600.25,24610.25,24600.05,24609.55,362,130,0
2025-09-30 05:40:00+00:00,24609.75,24615.25,24608.05,24613.85,338,130,0
2025-09-30 05:45:00+00:00,24614.05,24614.85,24609.85,24612.35,254,130,0
2025-09-30 05:50:00+00:00,24612.25,24622.65,24610.05,24621.65,351,130,0
2025-09-30 05:55:00+00:00,24621.35,24628.25,24620.15,24624.35,387,130,0
2025-09-30 06:00:00+00:00,24624.25,24626.75,24622.25,24624.05,335,130,0
2025-09-30 06:05:00+00:00,24623.65,24624.75,24619.55,24620.85,270,130,0
2025-09-30 06:10:00+00:00,24620.35,24621.35,24616.15,24616.85,283,130,0
2025-09-30 06:15:00+00:00,24617.05,24619.15,24614.75,24618.65,292,130,0
2025-09-30 06:20:00+00:00,24618.75,24619.85,24617.25,24618.05,232,130,0
2025-09-30 06:25:00+00:00,24618.25,24624.25,24617.25,24623.85,222,130,0
2025-09-30 06:30:00+00:00,24624.15,24625.25,24621.25,24623.65,263,130,0
2025-09-30 06:35:00+00:00,24623.75,24627.75,24622.05,24625.85,238,130,0
2025-09-30 06:40:00+00:00,24626.15,24632.05,24625.65,24628.45,341,130,0
2025-09-30 06:45:00+00:00,24628.55,24628.55,24620.95,24622.15,261,130,0
2025-09-30 06:50:00+00:00,24622.35,24623.05,24617.25,24618.05,298,130,0
2025-09-30 06:55:00+00:00,24618.25,24620.85,24617.25,24618.05,284,130,0
2025-09-30 07:00:00+00:00,24618.35,24619.85,24613.55,24617.15,329,130,0
2025-09-30 07:05:00+00:00,24617.25,24620.35,24615.05,24617.35,235,130,0
2025-09-30 07:10:00+00:00,24617.25,24619.35,24615.55,24617.15,156,130,0
2025-09-30 07:15:00+00:00,24617.05,24618.35,24615.15,24615.75,169,130,0
2025-09-30 07:20:00+00:00,24615.65,24617.25,24614.55,24616.75,173,130,0
2025-09-30 07:25:00+00:00,24616.85,24617.65,24601.25,24605.25,366,130,0
2025-09-30 07:30:00+00:00,24605.05,24609.35,24599.95,24602.05,375,140,0
2025-09-30 07:35:00+00:00,24602.35,24604.15,24599.85,24601.15,282,130,0
2025-09-30 07:40:00+00:00,24601.35,24606.05,24599.15,24605.15,264,130,0
2025-09-30 07:45:00+00:00,24605.35,24606.75,24603.75,24604.15,249,130,0
2025-09-30 07:50:00+00:00,24604.35,24605.85,24600.85,24602.55,247,130,0
2025-09-30 07:55:00+00:00,24602.85,24603.85,24598.35,24598.85,239,130,0
2025-09-30 08:00:00+00:00,24598.65,24604.05,24592.25,24599.25,443,130,0
2025-09-30 08:05:00+00:00,24599.45,24600.85,24592.55,24600.55,347,130,0
2025-09-30 08:10:00+00:00,24600.85,24602.05,24595.35,24599.85,235,130,0
2025-09-30 08:15:00+00:00,24600.15,24604.75,24599.95,24602.95,288,130,0
2025-09-30 08:20:00+00:00,24603.05,24612.75,24603.05,24612.75,367,130,0
2025-09-30 08:25:00+00:00,24612.85,24614.25,24609.85,24610.65,360,130,0
2025-09-30 08:30:00+00:00,24610.85,24615.25,24606.85,24609.85,353,130,0
2025-09-30 08:35:00+00:00,24609.55,24612.85,24608.35,24610.15,286,130,0
2025-09-30 08:40:00+00:00,24610.35,24612.25,24600.55,24602.55,293,130,0
2025-09-30 08:45:00+00:00,24602.85,24614.85,24602.85,24613.25,310,140,0
2025-09-30 08:50:00+00:00,24613.35,24615.75,24610.15,24612.55,282,130,0
2025-09-30 08:55:00+00:00,24612.35,24615.75,24611.15,24611.75,311,130,0
2025-09-30 09:00:00+00:00,24612.25,24615.75,24605.35,24608.75,485,130,0
2025-09-30 09:05:00+00:00,24608.45,24617.65,24605.15,24614.95,548,150,0
2025-09-30 09:10:00+00:00,24615.65,24622.45,24615.25,24622.45,375,140,0
2025-09-30 09:15:00+00:00,24622.35,24625.75,24621.85,24622.05,334,130,0
2025-09-30 09:20:00+00:00,24621.85,24626.85,24618.35,24623.85,338,130,0
2025-09-30 09:25:00+00:00,24623.95,24627.25,24620.95,24622.85,341,130,0
2025-09-30 09:30:00+00:00,24622.95,24631.15,24620.65,24622.55,396,140,0
2025-09-30 09:35:00+00:00,24622.65,24627.25,24616.15,24617.75,333,140,0
2025-09-30 09:40:00+00:00,24618.25,24619.05,24609.75,24614.65,391,150,0
2025-09-30 09:45:00+00:00,24614.75,24614.95,24604.65,24606.55,401,140,0
2025-09-30 09:50:00+00:00,24606.95,24607.05,24595.95,24597.55,395,140,0
2025-09-30 09:55:00+00:00,24597.75,24599.75,24585.15,24587.35,589,150,0
2025-09-30 10:00:00+00:00,24587.85,24593.35,24578.55,24582.65,859,170,0
2025-09-30 10:05:00+00:00,24582.95,24582.95,24567.45,24576.45,759,160,0
2025-09-30 10:10:00+00:00,24576.15,24579.15,24566.45,24569.45,727,160,0
2025-09-30 10:15:00+00:00,24569.15,24577.85,24560.55,24569.65,727,170,0
2025-09-30 10:20:00+00:00,24569.15,24578.95,24566.95,24577.25,598,150,0
2025-09-30 10:25:00+00:00,24576.95,24585.15,24575.75,24579.75,568,160,0
2025-09-30 10:30:00+00:00,24579.45,24582.95,24551.35,24556.35,721,160,0
2025-09-30 10:35:00+00:00,24556.85,24567.55,24551.35,24564.35,835,180,0
2025-09-30 10:40:00+00:00,24563.35,24565.35,24530.35,24541.25,1105,180,0
2025-09-30 10:45:00+00:00,24541.35,24550.05,24536.65,24537.85,904,170,0
2025-09-30 10:50:00+00:00,24538.25,24562.25,24538.15,24558.45,771,170,0
2025-09-30 10:55:00+00:00,24558.35,24567.35,24555.35,24565.85,675,170,0
2025-09-30 11:00:00+00:00,24560.05,24566.05,24542.35,24548.25,1080,170,0
2025-09-30 11:05:00+00:00,24548.45,24557.25,24538.05,24553.85,1045,190,0
2025-09-30 11:10:00+00:00,24553.05,24565.35,24550.55,24555.15,927,180,0
2025-09-30 11:15:00+00:00,24554.85,24569.35,24554.85,24561.65,788,170,0
2025-09-30 11:20:00+00:00,24561.95,24570.15,24558.25,24559.75,662,160,0
2025-09-30 11:25:00+00:00,24560.25,24572.85,24560.25,24563.75,602,160,0
2025-09-30 11:30:00+00:00,24563.65,24577.15,24560.95,24576.25,588,160,0
2025-09-30 11:35:00+00:00,24576.45,24576.75,24569.25,24572.45,533,150,0
2025-09-30 11:40:00+00:00,24572.75,24576.65,24568.95,24571.25,551,160,0
2025-09-30 11:45:00+00:00,24571.35,24586.75,24568.95,24584.05,552,150,0
2025-09-30 11:50:00+00:00,24583.75,24587.15,24576.45,24580.95,519,150,0
2025-09-30 11:55:00+00:00,24581.25,24581.25,24573.75,24576.55,527,150,0
2025-09-30 12:00:00+00:00,24575.75,24579.65,24564.55,24569.15,638,150,0
2025-09-30 12:05:00+00:00,24569.45,24581.55,24568.85,24571.15,574,160,0
2025-09-30 12:10:00+00:00,24571.35,24575.25,24565.65,24566.05,519,150,0
2025-09-30 12:15:00+00:00,24566.15,24572.65,24562.55,24572.45,543,150,0
2025-09-30 12:20:00+00:00,24572.35,24576.75,24567.15,24572.95,449,160,0
2025-09-30 12:25:00+00:00,24573.15,24581.25,24571.95,24579.75,435,150,0
2025-09-30 12:30:00+00:00,24580.05,24595.35,24580.05,24592.65,555,150,0
2025-09-30 12:35:00+00:00,24592.45,24593.15,24575.45,24578.25,454,150,0
2025-09-30 12:40:00+00:00,24578.75,24582.05,24570.15,24575.85,525,150,0
2025-09-30 12:45:00+00:00,24575.95,24576.05,24565.45,24566.55,464,140,0
2025-09-30 12:50:00+00:00,24566.05,24572.75,24562.15,24568.55,541,140,0
2025-09-30 12:55:00+00:00,24568.75,24574.25,24568.45,24570.25,385,140,0
2025-09-30 13:00:00+00:00,24569.85,24580.65,24568.85,24579.95,417,140,0
2025-09-30 13:05:00+00:00,24580.25,24587.25,24578.75,24584.05,343,150,0
2025-09-30 13:10:00+00:00,24584.25,24584.75,24565.05,24567.25,417,150,0
2025-09-30 13:15:00+00:00,24567.45,24571.45,24555.35,24570.25,552,150,0
2025-09-30 13:20:00+00:00,24569.95,24572.45,24559.75,24566.95,543,160,0
2025-09-30 13:25:00+00:00,24566.75,24569.15,24563.25,24565.05,404,140,0
2025-09-30 13:30:00+00:00,24565.35,24569.85,24563.85,24564.35,346,140,0
2025-09-30 13:35:00+00:00,24564.05,24564.35,24550.05,24559.95,440,140,0
2025-09-30 13:40:00+00:00,24560.15,24570.15,24554.45,24569.55,479,150,0
2025-09-30 13:45:00+00:00,24569.75,24579.75,24569.75,24577.25,532,150,0
2025-09-30 13:50:00+00:00,24577.35,24588.95,24575.05,24587.75,490,150,0
2025-09-30 13:55:00+00:00,24588.05,24589.25,24582.85,24583.25,412,140,0
2025-09-30 14:00:00+00:00,24583.55,24586.65,24575.75,24585.75,577,140,0
2025-09-30 14:05:00+00:00,24585.85,24592.45,24582.65,24583.95,496,150,0
2025-09-30 14:10:00+00:00,24584.25,24587.05,24573.15,24584.15,574,150,0
2025-09-30 14:15:00+00:00,24583.45,24583.45,24573.55,24576.45,431,150,0
2025-09-30 14:20:00+00:00,24576.45,24581.25,24569.25,24574.35,530,150,0
2025-09-30 14:25:00+00:00,24574.25,24580.95,24573.25,24580.25,328,150,0
2025-09-30 14:30:00+00:00,24579.65,24584.05,24577.55,24579.05,409,140,0
2025-09-30 14:35:00+00:00,24578.25,24586.75,24575.55,24583.25,380,150,0
2025-09-30 14:40:00+00:00,24583.55,24585.75,24581.55,24582.85,357,140,0
2025-09-30 14:45:00+00:00,24582.95,24589.75,24580.85,24588.55,374,140,0
2025-09-30 14:50:00+00:00,24587.45,24588.45,24564.95,24574.45,623,150,0
2025-09-30 14:55:00+00:00,24573.95,24582.75,24572.75,24578.45,466,150,0
2025-09-30 15:00:00+00:00,24578.95,24583.95,24565.95,24568.45,658,150,0
2025-09-30 15:05:00+00:00,24567.95,24571.25,24564.75,24566.35,477,150,0
2025-09-30 15:10:00+00:00,24566.45,24570.45,24564.25,24567.55,524,150,0
2025-09-30 15:15:00+00:00,24567.75,24576.55,24565.25,24575.75,504,150,0
2025-09-30 15:20:00+00:00,24577.45,24589.75,24576.05,24586.05,575,150,0
2025-09-30 15:25:00+00:00,24586.15,24592.75,24583.25,24590.95,543,140,0
2025-09-30 15:30:00+00:00,24591.25,24598.75,24587.15,24594.75,706,150,0
2025-09-30 15:35:00+00:00,24596.25,24610.65,24592.25,24610.45,665,160,0
2025-09-30 15:40:00+00:00,24610.35,24616.95,24607.35,24613.65,764,160,0
2025-09-30 15:45:00+00:00,24613.75,24617.15,24610.15,24615.75,610,150,0
2025-09-30 15:50:00+00:00,24615.85,24620.45,24613.65,24617.15,468,150,0
2025-09-30 15:55:00+00:00,24617.65,24618.15,24606.35,24608.75,563,150,0
2025-09-30 16:00:00+00:00,24608.65,24612.15,24597.45,24597.55,743,150,0
2025-09-30 16:05:00+00:00,24597.35,24602.55,24591.25,24599.85,804,160,0
2025-09-30 16:10:00+00:00,24599.55,24606.85,24596.45,24597.65,657,160,0
2025-09-30 16:15:00+00:00,24597.35,24599.85,24592.85,24598.95,746,160,0
2025-09-30 16:20:00+00:00,24598.85,24604.15,24597.45,24597.65,659,150,0
2025-09-30 16:25:00+00:00,24596.05,24597.55,24588.05,24595.75,1026,150,0
2025-09-30 16:30:00+00:00,24596.05,24606.65,24533.75,24538.05,1591,60,0
2025-09-30 16:35:00+00:00,24537.95,24560.15,24517.65,24527.75,1584,100,0
2025-09-30 16:40:00+00:00,24528.25,24573.95,24524.15,24573.95,1499,100,0
2025-09-30 16:45:00+00:00,24574.75,24580.95,24542.05,24556.65,1572,100,0
2025-09-30 16:50:00+00:00,24555.45,24559.75,24508.15,24509.95,1571,100,0
2025-09-30 16:55:00+00:00,24508.95,24562.84,24498.65,24561.74,1466,100,0
2025-09-30 17:00:00+00:00,24561.45,24587.45,24556.45,24575.05,1508,100,0
2025-09-30 17:05:00+00:00,24575.65,24576.95,24528.15,24533.65,1566,100,0
2025-09-30 17:10:00+00:00,24532.65,24549.65,24522.75,24543.95,1508,100,0
2025-09-30 17:15:00+00:00,24544.05,24573.45,24538.65,24548.15,1514,100,0
2025-09-30 17:20:00+00:00,24548.95,24573.65,24539.05,24545.75,1456,100,0
2025-09-30 17:25:00+00:00,24545.65,24563.45,24537.45,24559.15,1478,100,0
2025-09-30 17:30:00+00:00,24559.45,24584.65,24552.25,24567.95,1494,100,0
2025-09-30 17:35:00+00:00,24567.55,24574.95,24529.25,24533.95,1457,100,0
2025-09-30 17:40:00+00:00,24532.25,24570.65,24529.15,24566.65,1446,100,0
2025-09-30 17:45:00+00:00,24567.45,24613.65,24566.15,24604.65,1364,100,0
2025-09-30 17:50:00+00:00,24605.45,24610.45,24593.65,24603.15,1364,100,0
2025-09-30 17:55:00+00:00,24603.45,24630.05,24602.95,24617.95,1327,100,0
2025-09-30 18:00:00+00:00,24618.65,24637.15,24615.65,24632.25,1360,100,0
2025-09-30 18:05:00+00:00,24631.95,24637.25,24614.75,24630.55,1258,60,0
2025-09-30 18:10:00+00:00,24630.05,24632.55,24602.75,24603.15,1276,60,0
2025-09-30 18:15:00+00:00,24603.85,24609.35,24576.15,24580.95,1322,60,0
2025-09-30 18:20:00+00:00,24580.65,24588.45,24559.15,24571.65,1425,80,0
2025-09-30 18:25:00+00:00,24572.05,24574.25,24531.65,24555.45,1404,100,0
2025-09-30 18:30:00+00:00,24553.95,24581.45,24551.15,24574.25,1346,100,0
2025-09-30 18:35:00+00:00,24575.15,24575.15,24543.65,24545.05,1321,80,0
2025-09-30 18:40:00+00:00,24545.65,24555.25,24539.75,24547.25,1272,60,0
2025-09-30 18:45:00+00:00,24547.35,24573.65,24541.45,24573.15,1302,90,0
2025-09-30 18:50:00+00:00,24573.25,24584.95,24563.25,24579.25,1206,60,0
2025-09-30 18:55:00+00:00,24579.15,24596.15,24561.45,24586.65,1233,60,0
2025-09-30 19:00:00+00:00,24586.45,24594.55,24576.95,24578.35,1264,60,0
2025-09-30 19:05:00+00:00,24578.25,24591.95,24562.85,24572.75,1235,60,0
2025-09-30 19:10:00+00:00,24573.35,24573.85,24562.65,24570.65,1175,60,0
2025-09-30 19:15:00+00:00,24570.75,24583.45,24564.85,24583.15,1120,60,0
2025-09-30 19:20:00+00:00,24582.65,24619.25,24582.65,24591.45,1289,60,0
2025-09-30 19:25:00+00:00,24591.65,24595.25,24578.15,24586.65,1223,60,0
2025-09-30 19:30:00+00:00,24587.15,24599.95,24585.15,24585.65,1167,60,0
2025-09-30 19:35:00+00:00,24585.85,24593.85,24580.65,24583.85,1094,60,0
2025-09-30 19:40:00+00:00,24583.65,24591.25,24572.85,24590.85,1112,60,0
2025-09-30 19:45:00+00:00,24590.65,24592.45,24568.15,24571.35,1153,60,0
2025-09-30 19:50:00+00:00,24571.45,24580.35,24567.35,24571.15,1070,60,0
2025-09-30 19:55:00+00:00,24571.25,24575.35,24548.15,24559.75,1100,60,0
2025-09-30 20:00:00+00:00,24559.35,24562.35,24547.25,24551.85,1204,60,0
2025-09-30 20:05:00+00:00,24551.95,24559.15,24546.35,24555.65,1056,60,0
2025-09-30 20:10:00+00:00,24555.15,24556.65,24530.15,24543.85,1207,60,0
2025-09-30 20:15:00+00:00,24543.35,24547.95,24535.15,24539.65,1205,60,0
2025-09-30 20:20:00+00:00,24539.85,24541.15,24511.85,24516.35,1154,60,0
2025-09-30 20:25:00+00:00,24516.65,24526.85,24508.75,24524.35,1156,60,0
2025-09-30 20:30:00+00:00,24523.35,24525.35,24508.35,24523.35,1201,60,0
2025-09-30 20:35:00+00:00,24523.15,24529.65,24508.35,24518.85,1206,60,0
2025-09-30 20:40:00+00:00,24518.35,24536.65,24517.35,24527.15,1134,60,0
2025-09-30 20:45:00+00:00,24526.95,24552.35,24526.35,24551.75,1100,60,0
2025-09-30 20:50:00+00:00,24551.65,24573.15,24551.65,24569.25,1078,60,0
2025-09-30 20:55:00+00:00,24569.15,24571.35,24540.65,24544.85,1146,60,0
2025-09-30 21:00:00+00:00,24544.15,24547.85,24538.15,24542.15,1085,60,0
2025-09-30 21:05:00+00:00,24541.85,24566.25,24541.65,24563.65,1067,60,0
2025-09-30 21:10:00+00:00,24563.45,24587.65,24563.45,24585.85,1129,60,0
2025-09-30 21:15:00+00:00,24585.95,24604.35,24577.85,24589.85,1168,60,0
2025-09-30 21:20:00+00:00,24589.15,24601.95,24585.95,24598.85,1128,60,0
2025-09-30 21:25:00+00:00,24598.75,24609.15,24596.15,24603.65,1054,60,0
2025-09-30 21:30:00+00:00,24603.25,24607.35,24591.85,24595.35,1042,60,0
2025-09-30 21:35:00+00:00,24595.65,24605.75,24592.35,24603.15,923,60,0
2025-09-30 21:40:00+00:00,24602.15,24617.35,24600.85,24614.75,1004,60,0
2025-09-30 21:45:00+00:00,24614.65,24625.65,24609.45,24624.65,975,60,0
2025-09-30 21:50:00+00:00,24624.35,24627.15,24614.25,24615.65,1016,60,0
2025-09-30 21:55:00+00:00,24615.35,24622.65,24610.25,24613.45,940,60,0
2025-09-30 22:00:00+00:00,24614.15,24627.95,24608.85,24609.65,1062,60,0
2025-09-30 22:05:00+00:00,24609.85,24621.65,24606.25,24615.65,1034,60,0
2025-09-30 22:10:00+00:00,24615.85,24621.75,24605.15,24606.15,992,60,0
2025-09-30 22:15:00+00:00,24606.35,24610.95,24597.65,24608.95,1052,60,0
2025-09-30 22:20:00+00:00,24608.65,24629.25,24608.15,24628.65,1054,60,0
2025-09-30 22:25:00+00:00,24628.35,24641.35,24624.85,24637.65,1083,60,0
2025-09-30 22:30:00+00:00,24637.15,24653.85,24636.25,24646.85,1106,60,0
2025-09-30 22:35:00+00:00,24647.15,24650.15,24637.35,24641.15,1022,60,0
2025-09-30 22:40:00+00:00,24640.45,24641.35,24612.35,24620.75,1202,60,0
2025-09-30 22:45:00+00:00,24619.85,24656.85,24619.15,24656.85,1195,60,0
2025-09-30 22:50:00+00:00,24654.15,24689.15,24642.15,24681.75,1368,60,0
2025-09-30 22:55:00+00:00,24680.95,24688.55,24669.15,24673.25,1404,100,0
2025-09-30 23:00:00+00:00,24673.46,24676.16,24646.36,24646.66,1155,118,0
2025-09-30 23:05:00+00:00,24646.36,24652.96,24641.06,24642.76,826,178,0
2025-09-30 23:10:00+00:00,24641.66,24645.06,24632.36,24633.06,747,168,0
2025-09-30 23:15:00+00:00,24633.26,24639.36,24625.76,24626.76,624,178,0
2025-09-30 23:20:00+00:00,24627.56,24638.86,24624.76,24635.36,523,168,0
2025-09-30 23:25:00+00:00,24635.26,24637.56,24628.06,24630.16,392,158,0
2025-09-30 23:30:00+00:00,24629.46,24630.46,24619.66,24620.36,429,158,0
2025-09-30 23:35:00+00:00,24620.46,24623.16,24611.56,24616.56,424,168,0
2025-09-30 23:40:00+00:00,24616.46,24619.46,24610.16,24612.46,380,158,0
2025-09-30 23:45:00+00:00,24612.86,24621.86,24612.66,24618.56,465,158,0
2025-10-01 01:05:00+00:00,24636.76,24637.96,24632.76,24634.66,417,168,0
2025-10-01 01:10:00+00:00,24634.86,24639.26,24633.26,24637.76,285,158,0
2025-10-01 01:15:00+00:00,24637.46,24644.26,24636.86,24638.96,279,158,0
2025-10-01 01:20:00+00:00,24636.96,24641.36,24631.96,24640.06,357,158,0
2025-10-01 01:25:00+00:00,24640.16,24647.76,24640.16,24646.66,283,158,0
2025-10-01 01:30:00+00:00,24646.76,24652.76,24640.56,24646.76,397,158,0
2025-10-01 01:35:00+00:00,24646.56,24649.56,24636.56,24640.26,290,158,0
2025-10-01 01:40:00+00:00,24639.96,24641.16,24635.06,24640.26,349,158,0
2025-10-01 01:45:00+00:00,24639.66,24639.66,24634.76,24638.46,215,148,0
2025-10-01 01:50:00+00:00,24637.96,24638.96,24624.06,24626.46,335,148,0
2025-10-01 01:55:00+00:00,24626.16,24626.16,24600.36,24611.66,651,168,0
2025-10-01 02:00:00+00:00,24611.56,24618.15,24597.85,24599.65,646,180,0
2025-10-01 02:05:00+00:00,24599.95,24613.25,24597.45,24611.05,495,150,0
2025-10-01 02:10:00+00:00,24610.85,24619.05,24610.85,24614.05,331,130,0
2025-10-01 02:15:00+00:00,24613.95,24615.85,24608.65,24611.75,296,130,0
2025-10-01 02:20:00+00:00,24611.85,24624.75,24610.05,24624.25,404,140,0
2025-10-01 02:25:00+00:00,24624.05,24624.55,24613.15,24614.75,282,130,0
2025-10-01 02:30:00+00:00,24615.15,24621.15,24614.05,24619.25,310,140,0
2025-10-01 02:35:00+00:00,24619.75,24619.75,24616.05,24617.35,141,130,0
2025-10-01 02:40:00+00:00,24617.05,24618.65,24614.65,24616.15,229,130,0
2025-10-01 02:45:00+00:00,24616.35,24618.95,24613.65,24615.05,319,130,0
2025-10-01 02:50:00+00:00,24615.15,24620.35,24612.05,24614.05,294,130,0
2025-10-01 02:55:00+00:00,24613.85,24614.55,24606.45,24606.95,364,130,0
2025-10-01 03:00:00+00:00,24608.25,24610.65,24601.95,24608.05,749,150,0
2025-10-01 03:05:00+00:00,24608.15,24613.45,24603.25,24604.75,731,150,0
2025-10-01 03:10:00+00:00,24604.85,24607.95,24595.85,24599.25,622,150,0
2025-10-01 03:15:00+00:00,24599.45,24599.45,24573.95,24575.95,805,140,0
2025-10-01 03:20:00+00:00,24576.15,24577.35,24566.35,24569.65,688,170,0
2025-10-01 03:25:00+00:00,24569.45,24572.75,24563.65,24567.25,627,160,0
2025-10-01 03:30:00+00:00,24567.45,24578.45,24567.05,24575.25,649,150,0
2025-10-01 03:35:00+00:00,24575.45,24577.75,24567.75,24570.75,523,150,0
2025-10-01 03:40:00+00:00,24571.05,24582.35,24570.35,24580.55,473,140,0
2025-10-01 03:45:00+00:00,24580.25,24583.05,24575.25,24581.45,497,140,0
2025-10-01 03:50:00+00:00,24581.75,24587.75,24576.85,24583.05,427,150,0
2025-10-01 03:55:00+00:00,24582.75,24583.95,24565.05,24570.65,627,150,0
2025-10-01 04:00:00+00:00,24570.95,24575.25,24566.65,24568.65,717,150,0
2025-10-01 04:05:00+00:00,24568.75,24572.75,24561.25,24563.95,568,150,0
2025-10-01 04:10:00+00:00,24563.85,24569.25,24560.55,24564.95,522,150,0
2025-10-01 04:15:00+00:00,24565.05,24569.55,24564.75,24568.05,431,140,0
2025-10-01 04:20:00+00:00,24568.15,24575.45,24567.35,24575.25,452,140,0
2025-10-01 04:25:00+00:00,24575.35,24585.05,24571.25,24582.85,454,140,0
2025-10-01 04:30:00+00:00,24583.25,24586.55,24570.45,24572.75,578,140,0
2025-10-01 04:35:00+00:00,24572.95,24578.35,24571.45,24578.35,484,140,0
2025-10-01 04:40:00+00:00,24578.75,24586.25,24576.05,24584.95,489,140,0
2025-10-01 04:45:00+00:00,24585.05,24587.35,24583.25,24584.05,404,130,0
2025-10-01 04:50:00+00:00,24583.85,24586.05,24578.05,24582.25,346,140,0
2025-10-01 04:55:00+00:00,24582.45,24584.45,24580.15,24580.85,386,130,0
2025-10-01 05:00:00+00:00,24580.65,24582.05,24571.35,24579.55,462,130,0
2025-10-01 05:05:00+00:00,24579.35,24581.65,24574.75,24574.85,455,140,0
2025-10-01 05:10:00+00:00,24574.65,24575.35,24563.95,24566.65,492,140,0
2025-10-01 05:15:00+00:00,24566.55,24574.95,24564.45,24571.25,465,150,0
2025-10-01 05:20:00+00:00,24571.05,24579.65,24570.95,24579.25,428,140,0
2025-10-01 05:25:00+00:00,24579.55,24580.35,24574.55,24576.55,363,140,0
2025-10-01 05:30:00+00:00,24576.85,24577.05,24562.05,24565.45,478,140,0
2025-10-01 05:35:00+00:00,24565.75,24567.85,24562.45,24563.75,373,130,0
2025-10-01 05:40:00+00:00,24563.65,24565.45,24561.25,24565.15,279,130,0
2025-10-01 05:45:00+00:00,24565.45,24568.05,24563.25,24563.85,283,130,0
2025-10-01 05:50:00+00:00,24563.75,24565.85,24560.35,24562.45,307,130,0
2025-10-01 05:55:00+00:00,24562.35,24567.85,24561.55,24563.65,363,130,0
2025-10-01 06:00:00+00:00,24564.05,24564.85,24552.25,24552.75,477,140,0
2025-10-01 06:05:00+00:00,24552.45,24553.05,24547.25,24549.05,451,140,0
2025-10-01 06:10:00+00:00,24549.75,24555.35,24546.35,24549.55,406,130,0
2025-10-01 06:15:00+00:00,24549.25,24549.35,24543.65,24546.05,378,130,0
2025-10-01 06:20:00+00:00,24545.95,24550.55,24542.45,24548.05,430,130,0
2025-10-01 06:25:00+00:00,24547.75,24551.05,24546.85,24547.05,326,130,0
2025-10-01 06:30:00+00:00,24546.95,24549.15,24545.45,24546.55,331,130,0
2025-10-01 06:35:00+00:00,24546.45,24547.95,24542.95,24542.95,362,130,0
2025-10-01 06:40:00+00:00,24543.05,24545.05,24540.95,24541.35,336,130,0
2025-10-01 06:45:00+00:00,24541.55,24548.95,24540.45,24546.95,357,130,0
2025-10-01 06:50:00+00:00,24547.35,24551.35,24544.35,24545.55,438,130,0
2025-10-01 06:55:00+00:00,24545.35,24550.85,24545.35,24548.25,341,130,0
2025-10-01 07:00:00+00:00,24548.65,24553.85,24547.85,24552.45,376,130,0
2025-10-01 07:05:00+00:00,24552.75,24557.15,24548.55,24556.35,334,140,0
2025-10-01 07:10:00+00:00,24556.75,24558.55,24551.15,24552.05,322,140,0
2025-10-01 07:15:00+00:00,24552.25,24554.45,24550.05,24551.95,290,130,0
2025-10-01 07:20:00+00:00,24552.05,24554.95,24546.65,24553.05,340,130,0
2025-10-01 07:25:00+00:00,24553.35,24556.35,24552.95,24555.85,292,130,0
2025-10-01 07:30:00+00:00,24555.65,24556.15,24552.15,24554.45,280,130,0
2025-10-01 07:35:00+00:00,24554.55,24557.85,24554.35,24555.45,284,130,0
2025-10-01 07:40:00+00:00,24555.35,24555.55,24551.45,24553.35,372,130,0
2025-10-01 07:45:00+00:00,24553.05,24556.45,24549.55,24554.65,271,130,0
2025-10-01 07:50:00+00:00,24554.85,24554.95,24550.15,24551.85,260,130,0
2025-10-01 07:55:00+00:00,24552.05,24552.85,24548.85,24550.85,313,130,0
2025-10-01 08:00:00+00:00,24550.95,24556.15,24550.95,24553.65,385,130,0
2025-10-01 08:05:00+00:00,24554.25,24555.95,24550.45,24554.35,288,130,0
2025-10-01 08:10:00+00:00,24553.65,24553.95,24549.05,24549.05,243,130,0
2025-10-01 08:15:00+00:00,24548.65,24550.05,24536.55,24543.25,377,130,0
2025-10-01 08:20:00+00:00,24542.85,24545.25,24538.35,24540.75,331,130,0
2025-10-01 08:25:00+00:00,24540.55,24543.05,24536.15,24542.35,414,130,0
2025-10-01 08:30:00+00:00,24542.15,24542.85,24537.05,24539.85,400,140,0
2025-10-01 08:35:00+00:00,24540.35,24544.15,24538.95,24541.15,292,130,0
2025-10-01 08:40:00+00:00,24541.35,24547.15,24541.35,24544.55,343,130,0
2025-10-01 08:45:00+00:00,24544.85,24551.35,24544.55,24548.15,279,130,0
2025-10-01 08:50:00+00:00,24549.45,24552.05,24545.35,24547.55,314,140,0
2025-10-01 08:55:00+00:00,24547.35,24547.95,24537.65,24540.05,439,130,0
2025-10-01 09:00:00+00:00,24540.25,24544.65,24538.25,24542.55,486,150,0
2025-10-01 09:05:00+00:00,24542.75,24547.95,24541.35,24546.45,383,140,0
2025-10-01 09:10:00+00:00,24546.55,24546.55,24535.05,24536.55,485,140,0
2025-10-01 09:15:00+00:00,24536.25,24537.75,24528.55,24530.85,464,140,0
2025-10-01 09:20:00+00:00,24530.45,24534.05,24528.05,24529.05,429,150,0
2025-10-01 09:25:00+00:00,24528.55,24531.15,24526.75,24527.95,370,130,0
2025-10-01 09:30:00+00:00,24527.35,24529.95,24523.15,24527.15,408,140,0
2025-10-01 09:35:00+00:00,24527.05,24531.45,24523.85,24524.35,414,140,0
2025-10-01 09:40:00+00:00,24524.65,24525.25,24506.75,24507.55,609,130,0
2025-10-01 09:45:00+00:00,24507.05,24508.45,24442.95,24453.65,1245,170,0
2025-10-01 09:50:00+00:00,24452.05,24463.45,24441.95,24442.15,1054,190,0
2025-10-01 09:55:00+00:00,24441.95,24442.15,24412.35,24430.85,1167,190,0
2025-10-01 10:00:00+00:00,24427.55,24460.85,24415.65,24456.05,1261,190,0
2025-10-01 10:05:00+00:00,24457.05,24467.05,24433.45,24438.35,1104,190,0
2025-10-01 10:10:00+00:00,24438.85,24441.35,24428.25,24432.15,894,170,0
2025-10-01 10:15:00+00:00,24431.75,24458.35,24430.95,24447.45,1063,170,0
2025-10-01 10:20:00+00:00,24447.05,24447.35,24430.15,24442.15,989,180,0
2025-10-01 10:25:00+00:00,24442.25,24451.85,24439.45,24450.45,922,180,0
2025-10-01 10:30:00+00:00,24451.95,24465.85,24445.85,24447.65,898,170,0
2025-10-01 10:35:00+00:00,24448.15,24449.65,24441.65,24442.45,691,160,0
2025-10-01 10:40:00+00:00,24441.45,24449.25,24437.25,24442.15,725,160,0
2025-10-01 10:45:00+00:00,24441.95,24443.95,24432.45,24442.25,757,170,0
2025-10-01 10:50:00+00:00,24441.95,24450.25,24438.95,24448.95,567,150,0
2025-10-01 10:55:00+00:00,24449.05,24457.45,24447.75,24449.75,671,160,0
2025-10-01 11:00:00+00:00,24450.05,24452.95,24432.45,24451.95,1139,170,0
2025-10-01 11:05:00+00:00,24451.35,24455.85,24442.85,24446.85,883,180,0
2025-10-01 11:10:00+00:00,24446.65,24448.65,24437.05,24447.95,735,170,0
2025-10-01 11:15:00+00:00,24447.65,24452.55,24440.15,24440.45,675,170,0
2025-10-01 11:20:00+00:00,24440.65,24450.45,24436.75,24447.25,676,160,0
2025-10-01 11:25:00+00:00,24447.35,24457.65,24447.25,24456.55,591,160,0
2025-10-01 11:30:00+00:00,24456.65,24493.95,24456.65,24488.85,1018,170,0
2025-10-01 11:35:00+00:00,24490.15,24493.05,24481.65,24486.75,829,170,0
2025-10-01 11:40:00+00:00,24487.75,24507.15,24483.85,24504.35,870,180,0
2025-10-01 11:45:00+00:00,24504.65,24506.15,24495.15,24499.95,707,170,0
2025-10-01 11:50:00+00:00,24500.45,24510.45,24498.65,24504.45,637,160,0
2025-10-01 11:55:00+00:00,24504.55,24504.55,24495.25,24498.35,498,150,0
2025-10-01 12:00:00+00:00,24497.55,24501.75,24492.45,24494.45,549,150,0
2025-10-01 12:05:00+00:00,24495.45,24518.55,24494.45,24516.05,618,160,0
2025-10-01 12:10:00+00:00,24516.15,24523.25,24512.15,24516.25,642,170,0
2025-10-01 12:15:00+00:00,24516.15,24520.25,24512.45,24518.45,511,160,0
2025-10-01 12:20:00+00:00,24518.35,24525.75,24515.25,24524.95,537,160,0
2025-10-01 12:25:00+00:00,24525.25,24545.05,24522.95,24538.95,679,150,0
2025-10-01 12:30:00+00:00,24538.65,24540.45,24517.35,24523.85,702,170,0
2025-10-01 12:35:00+00:00,24524.15,24529.15,24519.45,24526.45,584,160,0
2025-10-01 12:40:00+00:00,24526.95,24528.05,24516.55,24523.05,570,150,0
2025-10-01 12:45:00+00:00,24522.85,24529.35,24520.95,24524.95,535,150,0
2025-10-01 12:50:00+00:00,24524.75,24527.85,24519.25,24525.55,442,150,0
2025-10-01 12:55:00+00:00,24525.75,24525.75,24519.05,24524.25,450,150,0
2025-10-01 13:00:00+00:00,24524.35,24530.25,24522.55,24529.55,436,140,0
2025-10-01 13:05:00+00:00,24529.15,24539.65,24525.55,24539.45,468,150,0
2025-10-01 13:10:00+00:00,24538.95,24542.05,24528.55,24528.95,489,160,0
2025-10-01 13:15:00+00:00,24529.05,24537.25,24527.05,24529.35,511,150,0
2025-10-01 13:20:00+00:00,24529.45,24537.85,24525.55,24530.55,521,150,0
2025-10-01 13:25:00+00:00,24530.65,24533.15,24519.55,24520.05,440,150,0
2025-10-01 13:30:00+00:00,24520.35,24521.35,24510.65,24514.95,596,150,0
2025-10-01 13:35:00+00:00,24515.25,24529.95,24513.55,24513.75,508,160,0
2025-10-01 13:40:00+00:00,24513.95,24515.55,24500.05,24504.75,578,150,0
2025-10-01 13:45:00+00:00,24504.45,24515.75,24503.75,24512.75,462,150,0
2025-10-01 13:50:00+00:00,24513.05,24515.75,24508.75,24513.25,408,150,0
2025-10-01 13:55:00+00:00,24513.65,24516.55,24509.85,24510.35,457,150,0
2025-10-01 14:00:00+00:00,24510.55,24527.25,24509.55,24522.05,641,150,0
2025-10-01 14:05:00+00:00,24522.25,24548.75,24521.95,24537.15,771,160,0
2025-10-01 14:10:00+00:00,24536.65,24547.15,24528.95,24546.15,755,170,0
2025-10-01 14:15:00+00:00,24545.95,24550.25,24542.25,24543.45,635,160,0
2025-10-01 14:20:00+00:00,24543.75,24554.05,24543.55,24550.05,544,150,0
2025-10-01 14:25:00+00:00,24549.85,24558.75,24549.85,24558.25,534,150,0
2025-10-01 14:30:00+00:00,24558.85,24566.45,24552.75,24565.35,631,150,0
2025-10-01 14:35:00+00:00,24565.25,24569.75,24554.75,24557.45,654,160,0
2025-10-01 14:40:00+00:00,24557.75,24564.15,24557.05,24560.15,531,150,0
2025-10-01 14:45:00+00:00,24559.55,24571.85,24557.05,24570.45,560,150,0
2025-10-01 14:50:00+00:00,24570.35,24578.25,24562.15,24572.95,642,160,0
2025-10-01 14:55:00+00:00,24572.65,24581.65,24571.55,24577.05,658,150,0
2025-10-01 15:00:00+00:00,24576.75,24583.25,24569.55,24570.45,701,150,0
2025-10-01 15:05:00+00:00,24570.35,24570.45,24554.45,24560.05,857,160,0
2025-10-01 15:10:00+00:00,24560.75,24567.25,24556.65,24564.54,712,160,0
2025-10-01 15:15:00+00:00,24564.35,24565.8,24525.85,24543.85,1375,160,0
2025-10-01 15:20:00+00:00,24542.85,24576.35,24541.15,24561.45,1216,190,0
2025-10-01 15:25:00+00:00,24560.35,24567.55,24549.35,24557.55,1037,190,0
2025-10-01 15:30:00+00:00,24557.35,24560.05,24545.15,24552.85,1027,190,0
2025-10-01 15:35:00+00:00,24552.55,24563.75,24542.95,24561.15,848,180,0
2025-10-01 15:40:00+00:00,24561.35,24568.75,24554.75,24558.25,828,170,0
2025-10-01 15:45:00+00:00,24558.15,24572.55,24555.45,24570.65,908,170,0
2025-10-01 15:50:00+00:00,24570.75,24570.95,24551.75,24553.25,787,150,0
2025-10-01 15:55:00+00:00,24553.55,24560.15,24548.05,24555.55,844,170,0
2025-10-01 16:00:00+00:00,24555.45,24570.95,24553.75,24567.75,884,170,0
2025-10-01 16:05:00+00:00,24567.55,24572.85,24558.85,24565.05,748,160,0
2025-10-01 16:10:00+00:00,24564.95,24566.05,24560.55,24565.75,709,160,0
2025-10-01 16:15:00+00:00,24565.45,24569.65,24561.25,24563.05,708,150,0
2025-10-01 16:20:00+00:00,24563.75,24568.35,24558.85,24561.25,727,160,0
2025-10-01 16:25:00+00:00,24560.45,24562.85,24537.65,24543.65,1181,160,0
2025-10-01 16:30:00+00:00,24541.25,24614.35,24522.55,24594.65,1623,60,0
2025-10-01 16:35:00+00:00,24595.55,24619.35,24584.85,24606.15,1569,100,0
2025-10-01 16:40:00+00:00,24604.25,24616.85,24584.35,24607.35,1530,100,0
2025-10-01 16:45:00+00:00,24607.25,24613.65,24513.65,24515.65,1554,100,0
2025-10-01 16:50:00+00:00,24516.25,24560.15,24505.05,24557.25,1583,100,0
2025-10-01 16:55:00+00:00,24557.05,24593.25,24539.5,24557.54,1521,100,0
2025-10-01 17:00:00+00:00,24555.04,24602.15,24537.35,24600.75,1545,100,0
2025-10-01 17:05:00+00:00,24600.85,24601.65,24574.05,24593.05,1507,100,0
2025-10-01 17:10:00+00:00,24593.25,24612.35,24589.25,24609.35,1411,100,0
2025-10-01 17:15:00+00:00,24609.65,24638.35,24605.25,24636.35,1345,100,0
2025-10-01 17:20:00+00:00,24636.15,24659.35,24633.15,24650.25,1381,60,0
2025-10-01 17:25:00+00:00,24650.35,24671.85,24650.35,24662.55,1275,60,0
2025-10-01 17:30:00+00:00,24664.55,24676.25,24653.75,24675.65,1321,60,0
2025-10-01 17:35:00+00:00,24675.75,24690.35,24672.75,24672.85,1273,60,0
2025-10-01 17:40:00+00:00,24673.05,24675.05,24660.35,24668.65,1348,60,0
2025-10-01 17:45:00+00:00,24668.95,24672.35,24657.25,24663.35,1309,60,0
2025-10-01 17:50:00+00:00,24663.65,24679.35,24662.65,24675.05,1273,60,0
2025-10-01 17:55:00+00:00,24674.95,24680.85,24669.55,24676.05,1203,60,0
2025-10-01 18:00:00+00:00,24675.85,24698.85,24675.55,24683.85,1219,60,0
2025-10-01 18:05:00+00:00,24682.95,24693.85,24673.05,24688.85,1171,60,0
2025-10-01 18:10:00+00:00,24688.55,24691.05,24660.05,24679.25,1190,60,0
2025-10-01 18:15:00+00:00,24679.35,24681.05,24657.35,24658.55,1192,60,0
2025-10-01 18:20:00+00:00,24657.55,24669.55,24655.05,24667.55,1163,60,0
2025-10-01 18:25:00+00:00,24666.85,24676.05,24658.85,24669.35,1110,60,0
2025-10-01 18:30:00+00:00,24669.55,24688.85,24669.55,24686.85,1108,60,0
2025-10-01 18:35:00+00:00,24686.75,24709.35,24682.75,24705.85,1126,60,0
2025-10-01 18:40:00+00:00,24706.35,24711.45,24699.75,24709.35,1063,60,0
2025-10-01 18:45:00+00:00,24709.55,24714.05,24699.55,24704.35,1111,60,0
2025-10-01 18:50:00+00:00,24703.85,24713.55,24702.55,24709.85,995,60,0
2025-10-01 18:55:00+00:00,24709.55,24716.55,24707.95,24710.05,960,60,0
2025-10-01 19:00:00+00:00,24709.95,24721.75,24709.35,24710.85,1033,60,0
2025-10-01 19:05:00+00:00,24711.25,24725.25,24710.75,24720.05,971,60,0
2025-10-01 19:10:00+00:00,24719.35,24725.35,24717.45,24718.85,865,60,0
2025-10-01 19:15:00+00:00,24718.55,24727.35,24715.35,24716.05,959,60,0
2025-10-01 19:20:00+00:00,24716.35,24717.85,24708.35,24713.55,1049,60,0
2025-10-01 19:25:00+00:00,24713.85,24725.05,24713.05,24722.55,927,60,0
2025-10-01 19:30:00+00:00,24722.95,24731.05,24722.25,24731.05,918,60,0
2025-10-01 19:35:00+00:00,24730.85,24730.85,24720.05,24722.55,868,60,0
2025-10-01 19:40:00+00:00,24722.35,24725.35,24713.55,24713.55,874,60,0
2025-10-01 19:45:00+00:00,24713.85,24724.05,24709.25,24719.35,963,60,0
2025-10-01 19:50:00+00:00,24719.05,24725.55,24717.75,24718.55,815,60,0
2025-10-01 19:55:00+00:00,24719.05,24736.35,24716.05,24733.85,882,60,0
2025-10-01 20:00:00+00:00,24733.55,24750.75,24731.05,24749.95,1033,60,0
2025-10-01 20:05:00+00:00,24749.85,24758.85,24749.75,24751.95,1012,60,0
2025-10-01 20:10:00+00:00,24751.85,24757.85,24745.45,24748.85,968,60,0
2025-10-01 20:15:00+00:00,24748.55,24761.55,24747.05,24753.95,958,60,0
2025-10-01 20:20:00+00:00,24754.05,24759.55,24750.65,24758.65,826,60,0
2025-10-01 20:25:00+00:00,24758.75,24769.35,24757.15,24763.35,944,60,0
2025-10-01 20:30:00+00:00,24763.85,24766.15,24752.15,24762.85,952,60,0
2025-10-01 20:35:00+00:00,24763.15,24764.35,24754.35,24757.15,835,60,0
2025-10-01 20:40:00+00:00,24757.35,24759.35,24744.05,24752.25,927,60,0
2025-10-01 20:45:00+00:00,24752.35,24755.35,24745.05,24749.35,879,60,0
2025-10-01 20:50:00+00:00,24749.55,24756.65,24747.35,24752.65,856,60,0
2025-10-01 20:55:00+00:00,24752.85,24764.05,24750.15,24763.15,916,60,0
2025-10-01 21:00:00+00:00,24762.65,24789.35,24758.15,24773.35,1231,60,0
2025-10-01 21:05:00+00:00,24773.15,24790.85,24773.15,24789.25,1022,60,0
2025-10-01 21:10:00+00:00,24789.15,24793.05,24781.25,24791.85,937,60,0
2025-10-01 21:15:00+00:00,24792.15,24800.15,24789.65,24798.15,913,60,0
2025-10-01 21:20:00+00:00,24797.85,24800.65,24788.35,24794.85,923,60,0
2025-10-01 21:25:00+00:00,24794.75,24802.85,24788.55,24792.35,869,60,0
2025-10-01 21:30:00+00:00,24792.15,24801.35,24790.15,24800.65,790,60,0
2025-10-01 21:35:00+00:00,24800.75,24806.35,24796.85,24804.65,847,60,0
2025-10-01 21:40:00+00:00,24804.35,24812.85,24800.85,24806.25,846,60,0
2025-10-01 21:45:00+00:00,24806.35,24810.15,24802.65,24805.85,794,60,0
2025-10-01 21:50:00+00:00,24806.25,24813.65,24803.85,24804.35,796,60,0
2025-10-01 21:55:00+00:00,24804.15,24809.35,24798.85,24803.65,827,60,0
2025-10-01 22:00:00+00:00,24803.15,24812.15,24802.15,24811.85,795,60,0
2025-10-01 22:05:00+00:00,24812.15,24814.15,24807.35,24809.55,783,60,0
2025-10-01 22:10:00+00:00,24809.35,24809.65,24796.65,24805.55,873,60,0
2025-10-01 22:15:00+00:00,24805.15,24807.15,24794.85,24796.15,811,60,0
2025-10-01 22:20:00+00:00,24796.75,24799.65,24788.35,24789.65,881,60,0
2025-10-01 22:25:00+00:00,24789.55,24805.15,24788.05,24803.65,933,60,0
2025-10-01 22:30:00+00:00,24803.15,24814.15,24799.05,24812.15,910,60,0
2025-10-01 22:35:00+00:00,24811.85,24812.15,24796.85,24798.65,870,60,0
2025-10-01 22:40:00+00:00,24798.35,24807.15,24786.15,24786.65,959,60,0
2025-10-01 22:45:00+00:00,24786.85,24805.35,24782.85,24803.05,1076,60,0
2025-10-01 22:50:00+00:00,24803.15,24808.85,24793.85,24794.15,1162,60,0
2025-10-01 22:55:00+00:00,24794.65,24811.25,24790.45,24790.85,1237,60,0
2025-10-01 23:00:00+00:00,24791.45,24791.45,24774.66,24777.86,1050,100,0
2025-10-01 23:05:00+00:00,24778.06,24779.46,24772.86,24775.26,655,168,0
2025-10-01 23:10:00+00:00,24774.86,24777.36,24772.16,24774.16,495,158,0
2025-10-01 23:15:00+00:00,24774.36,24780.86,24773.56,24777.96,341,148,0
2025-10-01 23:20:00+00:00,24778.66,24785.66,24778.56,24779.16,345,148,0
2025-10-01 23:25:00+00:00,24779.36,24780.46,24775.46,24779.96,216,148,0
2025-10-01 23:30:00+00:00,24779.86,24787.06,24777.96,24785.46,288,148,0
2025-10-01 23:35:00+00:00,24785.66,24792.86,24785.46,24790.66,314,148,0
2025-10-01 23:40:00+00:00,24790.36,24791.86,24782.16,24786.36,262,148,0
2025-10-01 23:45:00+00:00,24786.46,24787.66,24783.96,24785.46,297,148,0
